Temperatura,Humedad,VelocidadViento,Presion,HoraDia,DiaSemana,PM25
15.5,56.3,2.79,772.8,17,1,46.1
27.0,53.5,3.98,790.1,19,6,20.9
22.6,21.8,0.72,755.3,15,0,27.7
20.0,43.9,2.45,769.7,16,0,41.2
11.1,46.6,2.12,775.1,15,6,35.1
11.1,47.9,4.47,771.0,18,1,50.1
9.2,60.6,5.91,769.1,23,3,24.1
25.3,57.4,0.03,759.6,23,6,46.7
20.0,62.6,2.8,771.9,7,4,34.2
22.2,73.5,0.13,763.9,5,3,38.8
8.4,76.9,1.99,752.5,5,0,49.3
27.4,70.3,0.85,779.6,20,4,37.8
24.6,86.9,0.92,777.7,8,2,56.6
12.2,21.3,1.09,770.4,3,4,42.8
11.6,33.7,2.43,771.8,11,3,38.7
11.7,20.5,1.02,778.6,11,1,39.8
14.1,65.3,3.3,771.8,22,2,32.4
18.5,82.9,1.3,777.2,16,3,45.9
16.6,37.0,0.18,767.6,14,2,43.8
13.8,84.9,3.83,780.5,8,4,45.2
20.2,24.2,0.84,772.6,6,0,44.7
10.8,85.4,1.42,771.6,9,3,63.6
13.8,44.6,2.89,759.8,15,1,30.2
15.3,27.1,1.01,772.3,11,6,34.7
17.1,54.0,0.15,763.3,6,4,53.1
23.7,38.0,1.17,764.9,17,3,42.5
12.0,39.9,7.23,763.5,14,1,19.0
18.3,41.5,2.57,761.5,5,3,27.7
19.8,76.2,2.78,787.0,11,4,35.8
8.9,57.7,2.5,780.7,10,3,41.7
20.2,41.8,0.55,785.4,19,2,43.7
11.4,62.7,1.35,760.2,2,4,29.7
9.3,70.1,3.48,770.6,1,3,14.7
27.0,39.1,0.27,759.7,5,6,42.1
27.3,48.9,0.81,764.4,23,0,27.4
24.2,28.5,0.81,762.7,21,3,48.4
14.1,32.7,1.41,779.9,4,2,41.4
10.0,67.7,9.83,766.8,17,1,10.8
21.7,32.7,0.17,778.5,15,6,37.9
16.8,56.8,1.83,774.8,7,1,52.1
10.4,69.6,0.49,788.4,19,6,45.0
17.9,27.5,8.82,758.2,21,1,8.3
8.7,59.7,0.3,780.1,10,0,47.9
26.2,38.0,1.29,779.2,9,2,50.2
13.2,87.4,3.35,762.2,23,4,32.2
21.3,53.8,3.05,778.1,11,1,33.1
14.2,76.4,1.37,772.7,20,6,44.9
18.4,58.5,1.06,768.2,5,2,43.4
18.9,23.0,1.27,763.4,19,3,52.8
11.7,64.3,0.77,764.2,4,0,42.8
27.4,86.6,0.57,786.4,22,2,53.2
23.5,62.1,1.65,770.0,8,2,53.9
26.8,77.3,0.78,776.3,15,4,50.4
25.9,81.9,0.85,763.7,21,2,44.3
20.0,36.0,2.67,763.8,13,4,33.2
26.4,34.8,8.65,778.7,21,0,8.3
9.8,62.8,2.31,759.2,7,0,31.9
11.9,48.8,0.2,766.7,19,3,46.6
8.9,78.8,0.2,770.3,18,4,60.7
14.5,83.0,7.56,770.9,13,4,21.7
15.8,44.7,0.88,768.6,6,1,38.7
13.4,36.6,0.24,773.2,4,1,43.4
24.6,74.6,2.28,775.5,17,3,43.5
15.1,39.2,2.44,775.9,1,0,32.1
13.6,77.6,2.61,762.1,10,5,44.2
18.9,49.7,0.78,767.7,21,1,47.7
10.8,66.7,0.04,779.6,7,2,60.0
24.0,26.7,8.38,777.2,0,0,5.0
9.5,63.7,0.72,759.0,21,5,50.1
27.7,51.6,2.82,772.8,11,2,34.8
23.4,61.1,3.07,754.2,1,6,16.2
12.0,31.8,2.35,770.4,17,4,38.6
8.1,71.6,0.94,785.2,6,0,46.5
24.3,80.4,0.79,762.4,16,6,33.1
22.1,35.2,2.28,763.3,21,3,30.8
22.6,26.7,5.03,776.1,22,4,20.3
23.4,21.7,7.33,757.7,13,4,9.2
9.5,64.9,0.28,764.9,23,2,44.2
15.2,62.5,0.42,774.8,6,6,44.3
10.3,58.3,7.24,764.9,21,4,18.9
25.3,36.2,3.33,768.1,2,1,31.1
20.5,47.4,5.36,776.0,5,0,6.4
14.6,61.6,0.57,773.4,19,1,51.3
9.3,54.8,2.21,772.1,1,2,46.4
14.2,89.1,3.02,767.3,16,5,37.6
14.5,29.6,2.85,773.0,11,2,40.2
22.6,68.7,1.31,769.0,11,0,29.8
20.8,48.3,0.04,773.7,16,4,36.2
25.7,50.0,2.19,766.0,9,6,42.0
17.4,70.2,0.73,768.5,2,6,47.1
10.4,68.5,1.5,762.1,19,3,44.3
22.3,89.4,7.9,769.7,17,2,18.3
23.2,29.0,1.27,763.5,12,0,35.8
19.2,27.3,4.58,761.1,11,3,14.6
23.4,70.7,0.52,772.1,16,4,47.4
17.9,60.5,2.79,771.7,3,5,12.2
18.5,39.2,9.43,776.3,22,2,8.5
16.6,25.6,0.27,766.6,9,5,39.7
8.5,26.0,0.02,773.3,10,0,46.8
10.2,82.6,1.42,774.4,5,5,46.5
8.6,33.4,0.24,773.6,5,5,43.1
20.7,42.6,3.45,763.4,8,0,41.4
14.3,35.9,6.15,771.2,14,0,23.0
18.2,44.8,1.42,772.9,1,2,25.9
26.2,24.9,0.75,770.1,3,5,29.8
13.0,56.3,1.42,753.3,4,3,34.7
16.2,24.7,3.21,771.3,16,0,34.2
23.1,76.0,0.02,787.7,7,4,62.5
12.6,36.4,2.23,767.1,7,5,45.1
9.5,57.8,2.38,764.2,21,0,51.4
13.8,81.6,2.54,773.0,11,3,48.6
11.2,65.6,0.69,772.5,20,6,46.7
26.6,57.3,3.13,779.5,7,2,41.7
24.2,42.7,0.24,759.9,18,5,45.2
20.7,43.3,0.56,775.9,2,6,34.6
25.4,66.9,5.25,774.7,17,0,31.4
24.1,89.6,3.36,768.9,20,0,28.2
11.7,66.3,0.03,772.7,18,4,66.6
25.9,59.0,0.71,778.2,18,4,47.9
18.8,71.1,0.6,777.0,14,5,28.8
24.1,52.6,0.79,760.9,5,6,30.3
25.9,24.2,0.71,776.6,15,6,16.7
14.4,59.4,0.16,769.5,7,0,50.5
10.2,87.0,1.54,770.6,15,5,39.1
12.6,32.3,3.3,770.6,17,0,42.5
16.5,68.3,2.33,768.8,19,4,48.8
24.4,34.1,2.79,779.5,15,3,29.6
25.2,57.5,0.21,769.3,10,1,41.5
8.1,26.8,7.56,761.0,6,1,14.0
18.2,51.5,4.56,766.9,16,0,22.0
16.3,72.9,4.09,771.4,16,6,23.1
12.4,44.3,4.33,779.8,11,4,27.7
10.4,66.5,6.75,774.8,12,2,19.9
14.8,75.7,1.96,763.2,9,2,49.8
26.9,84.9,0.56,789.9,6,1,47.5
14.5,36.4,2.4,772.1,13,3,33.1
18.4,48.0,3.4,780.2,22,1,29.4
22.1,30.7,3.35,768.8,0,0,15.4
15.3,89.5,1.84,774.3,16,3,44.5
27.4,84.9,0.18,776.7,3,2,44.1
27.2,57.8,1.16,779.7,20,6,30.7
13.0,78.9,6.34,778.5,4,4,20.9
17.9,56.5,2.2,777.0,19,4,48.6
14.0,63.7,1.93,767.5,23,0,31.8
13.7,26.2,0.78,765.4,22,1,31.6
8.7,72.9,1.15,772.7,6,0,50.0
20.2,28.9,5.64,777.5,9,4,32.9
18.1,77.8,2.75,768.2,16,2,48.7
9.0,74.7,3.87,778.5,6,4,45.5
13.6,69.6,1.51,781.6,0,3,47.8
26.2,22.5,2.49,762.7,6,6,30.4
12.8,41.2,0.71,763.3,23,6,31.1
10.9,38.4,3.06,768.9,10,5,37.2
17.8,45.2,1.39,772.5,8,4,50.9
27.7,26.1,1.46,765.8,11,4,35.6
12.8,85.6,2.62,780.8,2,6,28.8
21.4,58.8,6.88,773.4,3,5,13.5
23.2,41.4,0.17,770.3,3,3,38.5
12.8,47.8,4.35,758.5,12,1,28.2
22.6,51.3,0.86,759.5,22,4,39.1
15.4,62.0,1.47,772.2,18,6,41.1
20.6,56.1,0.06,752.9,9,0,57.2
20.7,84.4,0.9,778.1,4,4,42.3
18.7,54.8,1.75,768.7,6,0,34.1
9.8,89.5,0.14,795.9,23,3,41.0
24.7,79.6,1.69,788.5,15,4,40.9
14.4,34.6,6.55,768.5,0,6,7.3
11.7,85.1,0.28,769.1,11,3,41.5
8.8,28.1,3.61,778.0,1,3,28.6
19.8,77.2,1.32,783.6,6,1,48.6
21.6,46.6,2.66,756.9,10,4,34.3
8.3,81.5,0.75,755.7,12,0,48.9
18.2,80.8,0.43,765.0,1,0,53.0
12.5,76.4,0.44,774.7,6,4,62.0
20.9,75.3,0.18,774.0,14,5,40.9
11.5,41.3,0.51,778.6,10,1,48.7
21.8,25.7,2.73,760.4,1,1,27.3
15.7,48.2,5.34,751.5,6,1,30.2
26.7,32.1,4.21,776.9,3,0,19.3
10.8,68.6,2.89,763.4,10,3,44.3
14.8,44.2,0.29,753.9,1,6,26.2
10.3,88.3,0.85,771.2,15,5,43.4
26.5,64.9,0.93,776.3,6,1,49.4
25.5,77.6,0.72,769.0,12,0,39.6
13.2,29.3,1.81,766.3,4,0,33.9
21.2,80.3,1.92,768.7,16,3,33.9
24.3,84.6,1.1,767.0,20,4,42.2
19.1,54.1,1.09,759.2,11,4,42.5
18.6,62.4,4.41,764.3,18,6,25.4
12.8,73.5,3.89,774.2,6,6,24.3
9.9,32.2,0.92,772.6,5,1,35.4
25.9,55.2,6.13,771.3,7,6,18.4
26.0,47.9,7.63,762.0,12,1,14.5
20.7,30.2,0.99,768.5,4,5,31.8
14.8,45.7,1.09,752.6,1,6,27.4
15.0,24.8,1.76,771.4,8,3,44.1
22.5,21.8,7.08,781.4,10,1,24.7
25.9,29.5,5.23,758.2,23,3,21.9
25.7,87.4,0.27,765.3,5,0,41.1
23.6,58.5,1.25,772.6,6,1,51.9
20.8,87.6,2.02,780.0,6,0,46.9
9.7,50.3,1.75,766.4,18,2,51.1
11.2,41.8,0.54,764.5,5,3,43.2
26.0,55.4,4.89,754.2,10,2,35.4
20.1,50.8,2.82,770.8,10,1,31.5
8.2,27.4,4.55,786.3,6,0,30.8
10.0,64.9,4.89,772.2,1,1,35.0
21.3,35.1,3.45,769.8,18,2,19.6
8.1,63.4,1.45,772.6,3,1,41.8
11.2,65.5,2.36,769.9,5,5,33.4
19.0,30.6,0.44,763.5,16,4,43.6
21.8,24.3,2.8,776.6,4,2,34.1
21.0,74.7,0.49,771.8,6,1,55.5
12.5,52.2,2.96,770.1,8,0,49.1
22.2,24.1,0.65,762.2,0,1,34.6
12.7,89.6,0.31,780.4,0,0,47.2
14.5,24.0,0.45,775.3,18,4,47.8
22.9,68.7,0.0,765.6,5,1,55.7
21.0,88.9,3.17,778.0,17,6,30.3
25.0,36.7,3.3,766.0,9,6,30.3
21.2,30.0,1.81,763.7,10,4,38.2
19.4,28.5,0.44,763.9,0,2,42.8
9.9,41.2,0.22,755.8,0,0,43.4
15.4,27.1,0.05,773.8,12,6,41.8
13.3,68.5,0.45,755.4,4,5,46.4
12.9,24.4,5.54,760.2,19,2,31.1
27.5,55.7,0.69,753.4,0,0,30.5
15.9,89.8,1.09,769.3,19,4,64.7
25.8,77.0,0.28,768.8,2,6,46.5
20.6,63.1,0.63,767.4,17,3,46.5
23.9,41.4,1.83,761.7,8,1,38.4
18.1,63.7,2.34,760.6,13,4,25.6
19.5,56.9,0.7,773.7,16,0,44.2
17.9,49.8,0.15,765.6,22,0,39.7
11.9,29.1,1.24,772.5,13,0,26.3
22.4,82.1,0.67,762.9,3,0,33.7
13.6,51.5,0.62,771.4,4,1,39.9
8.5,33.6,8.04,780.4,20,2,20.9
20.9,45.7,2.39,774.7,16,5,37.3
11.5,49.0,2.03,766.7,21,3,44.0
26.8,77.9,1.34,772.1,1,1,36.5
27.1,71.4,1.4,768.1,22,0,41.8
26.3,73.9,1.95,770.1,21,1,42.7
15.4,20.8,2.98,767.4,4,4,32.3
8.3,49.1,3.03,768.7,3,5,28.1
26.6,53.7,0.47,771.7,3,0,45.1
16.6,21.3,1.73,762.1,5,3,39.6
27.3,38.2,1.33,761.9,19,0,42.7
27.3,73.2,5.11,758.9,20,5,25.0
25.1,29.6,2.5,757.2,12,3,33.3
13.9,57.5,1.9,760.3,21,5,32.6
15.7,35.1,0.31,771.3,4,3,31.8
25.0,20.8,2.33,762.9,22,2,19.5
14.3,36.9,0.31,774.1,22,6,33.0
11.4,88.3,1.03,770.3,6,2,57.8
19.1,76.1,0.39,754.3,19,1,51.2
26.7,87.2,2.94,775.2,0,1,35.2
21.9,54.1,0.58,776.5,13,3,37.2
19.4,27.7,1.24,762.0,23,0,31.1
9.9,58.4,5.65,773.4,3,6,12.8
20.3,51.8,0.57,763.1,16,4,41.1
27.8,79.1,1.77,770.8,20,4,44.3
10.8,26.9,1.36,759.9,13,0,38.0
18.4,54.2,0.05,755.7,15,0,44.5
25.5,30.5,3.93,766.9,13,2,20.5
22.8,42.7,0.18,769.0,15,4,30.9
21.9,71.6,1.61,766.8,23,3,45.1
22.0,53.3,2.06,760.5,19,5,37.6
15.2,46.3,2.48,766.8,7,1,45.9
13.9,47.6,2.92,772.2,23,5,37.1
24.2,52.2,0.73,769.6,2,2,43.5
24.2,75.0,0.03,771.5,18,4,55.5
25.3,82.4,3.21,764.6,0,6,27.0
26.3,86.9,1.92,779.4,1,0,38.3
18.2,75.1,4.52,760.6,14,6,24.3
18.0,42.1,4.31,773.9,21,6,26.8
24.0,68.2,4.63,779.5,9,4,48.3
21.0,50.6,1.66,773.8,17,3,55.2
22.0,37.8,1.01,768.4,21,2,42.2
23.9,78.9,3.92,765.8,13,0,16.5
25.8,22.7,1.5,778.3,16,5,22.0
14.8,83.1,0.51,758.6,12,3,57.8
15.5,52.3,4.83,762.2,0,5,23.2
9.9,64.6,5.35,766.8,4,1,29.1
19.6,66.2,1.57,779.9,12,2,38.7
8.7,82.7,0.2,773.0,13,3,42.7
17.3,64.6,1.23,762.3,23,3,50.4
18.9,63.0,4.07,767.5,2,5,17.9
13.7,24.7,5.8,765.1,14,0,21.1
19.8,56.3,0.57,764.3,18,1,41.0
8.6,30.5,0.17,777.8,16,5,38.0
8.7,71.6,5.25,759.0,2,3,33.0
24.5,55.9,1.23,782.9,15,2,36.4
15.2,67.6,1.95,776.6,13,3,36.6
10.5,22.9,8.61,778.7,11,4,10.1
18.4,25.9,0.17,766.3,11,2,33.2
23.4,70.1,2.61,768.8,10,2,31.9
12.3,25.0,0.19,758.5,16,3,45.6
20.5,25.0,1.18,765.8,7,0,43.3
9.7,20.8,4.07,773.9,16,2,31.0
9.0,87.0,1.42,780.4,20,4,60.7
18.6,71.6,12.0,761.1,22,5,5.0
18.8,44.7,2.05,767.1,19,0,33.4
20.7,40.8,0.97,768.8,10,0,39.9
22.5,44.5,0.62,758.8,1,0,40.5
27.5,74.2,1.08,774.7,9,2,55.2
18.3,66.3,1.17,764.2,9,0,66.1
14.5,33.0,0.18,768.4,10,3,42.5
23.9,32.2,1.15,766.4,5,0,43.6
13.4,26.9,1.56,763.7,3,4,36.3
16.8,66.2,3.21,769.9,23,1,23.3
9.6,73.5,2.67,768.3,11,4,37.8
8.5,38.6,3.08,767.0,10,2,40.4
27.3,21.5,0.02,764.2,22,0,27.1
24.7,25.8,0.61,772.6,22,0,24.3
21.9,87.8,2.71,783.2,12,3,27.3
16.2,40.7,1.65,771.1,4,5,32.7
11.5,73.8,0.01,778.0,5,0,48.8
11.1,63.7,4.08,758.9,0,6,21.0
13.0,46.7,3.7,771.3,5,4,28.6
19.0,34.4,1.99,761.2,17,2,28.1
22.3,28.5,0.17,758.2,21,1,39.1
21.2,63.1,3.64,764.1,8,0,32.7
13.6,74.2,2.19,779.5,23,1,47.0
27.1,65.1,3.81,777.6,14,0,37.5
22.8,57.1,3.48,771.9,7,2,27.0
19.1,22.9,4.06,757.7,18,5,21.9
20.2,87.8,1.82,768.4,23,4,38.4
16.4,75.9,0.38,772.4,15,2,45.1
13.0,40.5,2.78,771.4,5,1,40.9
15.1,88.6,2.42,755.2,5,0,39.3
23.2,62.1,3.39,762.9,21,1,33.5
8.3,60.8,0.47,769.5,2,4,63.1
10.3,72.4,0.54,774.3,9,6,53.2
8.9,76.8,5.53,752.4,0,2,36.9
8.8,66.0,3.47,768.7,13,1,37.0
25.1,29.0,5.97,771.1,3,1,10.3
22.1,43.7,3.55,776.8,11,4,25.5
17.5,85.0,2.27,775.5,5,6,37.4
10.0,35.7,2.65,774.7,10,0,33.3
17.8,46.1,5.5,763.6,11,6,12.8
17.5,50.2,2.16,754.7,9,1,43.4
11.5,50.8,2.5,766.9,17,4,41.3
16.7,62.9,0.43,778.0,6,0,62.2
16.0,86.0,1.61,781.1,6,6,42.4
20.3,36.8,3.15,775.7,10,6,33.0
20.7,28.5,0.79,773.4,3,6,20.9
8.9,33.8,0.56,773.0,19,5,52.1
15.5,82.1,0.94,765.6,0,0,33.7
20.5,65.2,0.69,769.0,12,6,42.0
18.1,40.0,0.6,783.4,17,5,38.9
25.1,77.1,1.38,762.5,8,2,52.8
21.2,80.3,5.96,782.9,23,4,21.8
11.3,79.3,1.77,767.4,23,6,29.6
9.4,84.3,0.52,780.6,8,0,56.2
20.8,37.7,0.2,758.7,22,5,40.7
8.5,72.9,2.98,774.7,8,5,47.2
19.7,52.2,1.21,764.1,9,2,48.1
26.8,78.9,4.31,758.7,1,3,29.0
19.5,71.0,2.69,771.7,5,4,38.5
15.8,74.4,3.98,778.1,14,3,26.8
20.9,65.9,0.79,763.2,2,0,55.3
17.2,32.4,2.95,758.0,10,4,39.9
18.9,58.2,0.77,769.3,5,2,44.5
26.8,88.9,7.0,769.3,2,0,14.6
15.7,85.6,2.53,774.4,23,4,45.0
27.2,23.0,0.98,777.6,10,4,35.1
26.1,31.5,0.79,769.5,14,3,29.1
11.9,29.2,0.53,784.8,12,0,51.0
9.4,70.8,2.97,771.8,19,2,46.6
10.0,77.2,0.62,767.2,9,2,54.5
8.4,34.9,2.26,757.1,5,0,36.8
9.9,55.4,0.77,767.9,14,0,47.9
21.7,78.8,2.71,767.3,17,5,38.6
9.4,71.3,4.22,777.7,17,1,42.8
14.4,58.0,3.76,773.7,6,3,30.1
24.9,61.3,3.58,760.6,14,0,33.2
8.5,55.6,0.52,771.4,17,0,48.2
24.3,40.8,0.23,775.4,17,1,44.2
13.6,59.6,3.0,782.2,19,1,51.1
10.4,68.2,1.15,777.1,8,4,62.5
21.9,81.1,1.42,776.1,23,6,38.4
20.6,64.5,0.08,770.5,1,2,31.7
25.5,73.3,0.75,773.1,7,3,53.3
22.7,31.2,0.09,780.0,19,4,43.7
24.1,52.3,5.28,759.3,1,0,23.6
13.6,20.7,0.7,767.2,10,1,50.1
11.5,37.3,2.04,763.8,6,5,35.0
23.0,70.9,0.1,773.0,5,2,43.2
24.1,89.4,2.75,779.8,9,4,58.1
27.8,26.9,0.98,765.2,4,5,24.4
16.3,48.1,5.7,750.9,10,2,19.5
15.4,76.0,5.48,766.7,0,6,15.1
23.5,34.3,0.98,777.3,1,6,26.6
14.8,58.9,5.78,774.3,23,5,12.4
26.6,71.3,12.0,773.4,0,1,5.0
25.2,63.1,4.36,767.8,18,4,20.0
16.6,33.2,4.66,759.8,1,4,16.0
23.0,44.9,0.72,774.1,20,6,40.7
23.1,74.9,2.15,763.3,19,2,47.0
10.1,58.8,0.17,787.5,22,5,53.8
26.1,20.4,0.25,774.6,20,1,52.6
18.1,73.3,12.0,765.4,23,0,5.0
24.5,22.5,0.99,765.1,3,4,21.0
14.4,72.2,3.45,769.3,11,0,36.6
25.9,34.2,4.11,768.1,21,1,22.3
15.8,87.1,4.88,778.9,19,6,27.5
8.2,45.8,12.0,771.5,17,4,5.0
26.1,42.9,0.69,764.1,0,4,37.3
9.8,30.4,0.1,785.1,0,5,32.3
14.4,41.4,1.32,770.4,23,0,34.0
27.0,81.4,0.35,776.2,13,6,34.1
27.0,89.7,0.06,765.1,3,5,38.1
19.5,45.8,1.12,772.9,4,3,41.4
20.6,51.4,3.83,772.5,10,0,28.0
17.0,70.5,2.09,754.9,23,0,33.6
13.9,82.0,0.94,786.1,22,3,45.4
14.6,61.5,2.66,780.3,12,1,36.2
21.5,47.4,0.66,766.8,15,1,40.6
23.0,48.9,0.04,761.2,23,4,53.2
23.8,68.7,3.61,772.8,12,2,33.7
23.8,20.2,2.44,770.7,23,5,25.8
9.8,63.4,3.59,772.8,21,2,36.3
17.9,44.9,0.1,771.5,1,4,35.6
9.2,75.6,4.54,774.0,15,2,28.6
19.0,26.5,2.42,781.6,5,0,28.7
16.8,61.2,2.07,774.5,13,0,39.1
25.8,53.7,2.45,761.6,0,3,20.6
15.0,65.0,5.0,780.9,16,3,32.0
10.3,24.5,2.21,783.1,10,4,39.8
10.9,60.6,2.17,795.2,18,4,51.7
23.2,59.3,11.69,761.0,2,6,5.0
20.4,59.2,3.53,771.9,10,4,31.4
10.0,62.2,1.46,753.3,4,0,38.7
9.7,67.4,3.07,774.4,16,2,35.2
22.0,76.3,1.23,765.6,21,5,45.1
9.5,38.9,0.65,785.4,6,6,49.0
24.4,77.8,2.27,763.8,9,6,54.5
22.1,54.9,6.58,756.5,10,6,14.7
9.6,25.4,6.62,766.2,2,4,5.0
9.7,24.1,1.05,754.2,19,4,43.7
27.7,43.4,1.88,776.0,9,0,45.5
15.5,74.9,0.59,753.5,9,5,55.8
15.4,69.5,12.0,770.2,13,0,5.0
24.3,75.2,9.92,753.4,11,5,5.0
26.9,56.2,2.62,767.4,14,0,40.6
27.7,50.8,4.08,783.1,9,2,30.5
23.1,30.3,3.14,772.9,9,4,36.7
15.5,43.0,2.25,763.1,18,1,34.8
9.7,50.4,0.14,769.8,0,1,44.6
23.5,26.2,1.52,770.1,23,4,41.4
19.2,35.4,2.81,773.8,9,6,35.8
16.5,61.9,2.83,759.1,1,4,32.1
26.1,71.5,1.17,774.7,16,4,30.9
10.2,89.9,7.11,748.4,23,4,20.3
17.9,85.3,0.46,765.0,6,6,55.4
8.2,65.0,1.73,766.1,6,5,41.7
17.4,49.5,2.94,775.1,19,2,39.2
9.1,64.5,2.99,770.2,8,1,57.0
10.4,75.0,2.61,758.8,21,3,40.8
10.4,28.3,0.8,762.1,1,1,45.7
21.0,48.7,0.42,771.6,13,1,32.3
22.9,78.8,2.53,769.4,16,6,36.5
19.7,46.9,2.29,765.4,0,0,42.0
27.2,60.0,0.49,766.2,8,4,60.1
15.5,61.1,3.05,775.6,19,4,31.8
13.7,32.9,1.52,765.9,20,4,39.6
25.4,45.4,2.75,769.3,18,0,35.6
12.5,43.4,4.54,787.4,3,6,27.2
27.3,21.8,0.47,758.6,7,2,37.8
8.2,21.7,0.05,755.2,12,2,35.2
27.4,78.2,3.78,776.3,3,6,14.7
8.9,39.1,2.35,764.6,8,3,44.0
25.8,56.3,3.01,767.5,8,2,36.4
18.6,40.9,4.55,763.8,21,6,32.2
27.9,85.8,4.06,767.9,17,2,29.8
9.5,38.2,8.11,782.8,11,4,19.0
19.1,50.1,1.92,776.4,9,5,42.6
27.4,81.1,1.68,776.9,10,6,40.7
18.5,78.9,1.28,758.7,6,1,45.1
20.6,33.0,0.42,760.8,8,2,56.7
21.9,76.2,2.13,747.3,5,2,39.9
17.1,52.1,0.81,763.5,18,0,48.6
20.6,53.8,6.36,777.7,15,3,14.4
19.7,29.3,2.19,774.1,14,5,23.0
26.0,25.6,2.25,768.2,6,0,38.6
8.9,71.0,1.1,769.8,15,4,46.1
13.6,54.8,0.13,764.5,4,1,45.5
27.0,50.6,0.08,771.6,15,3,35.8
25.8,71.1,1.38,776.1,0,0,49.8
17.1,73.6,0.22,757.1,18,6,45.4
20.4,31.1,2.33,772.4,4,2,30.6
13.5,62.7,5.32,777.5,6,2,31.4
11.8,29.5,5.36,766.7,18,3,39.9
17.3,72.6,2.69,775.6,21,2,39.0
15.1,66.0,0.59,792.5,4,6,38.3
19.7,87.0,4.97,769.2,16,0,30.6
9.6,24.8,5.43,773.1,21,0,20.7
27.5,24.0,0.55,764.1,7,2,46.6
27.7,39.8,3.34,771.5,0,2,39.0
22.0,38.3,0.84,773.7,1,4,38.2
18.7,37.3,4.06,771.6,14,1,26.0
14.2,83.4,12.0,761.8,19,3,5.9
24.3,37.5,0.08,771.7,17,0,53.9
21.7,39.0,5.69,781.7,10,3,36.9
11.3,73.2,2.44,773.6,9,4,56.2
26.2,51.5,9.07,777.7,23,0,9.0
24.5,74.4,1.56,768.1,23,4,37.2
27.0,24.6,4.7,776.0,3,4,20.1
22.5,54.1,0.16,772.2,4,5,32.3
20.3,22.4,1.02,762.4,3,2,26.7
16.4,24.4,0.17,772.5,12,6,25.7
26.7,83.5,9.26,762.1,12,5,6.0
25.3,29.7,4.25,764.9,17,3,16.9
8.9,57.3,4.79,771.5,23,6,19.9
8.5,48.8,6.95,772.4,1,3,17.1
15.5,44.3,0.22,760.5,15,2,47.7
24.2,83.0,1.22,778.4,0,6,32.7
27.7,21.5,0.18,774.6,18,5,44.9
11.0,66.5,0.59,764.4,8,3,65.1
19.9,87.4,0.65,757.7,2,5,32.9
15.6,59.2,1.58,768.8,6,2,52.6
27.4,85.6,0.78,766.4,9,6,47.7
24.8,23.7,0.27,770.9,0,6,27.5
24.8,49.3,0.46,767.1,9,0,49.4
17.4,38.2,0.4,753.9,20,4,47.0
16.3,71.2,9.04,766.9,8,4,22.4
13.5,88.7,3.56,767.6,14,5,25.5
9.1,38.0,8.59,775.1,14,6,5.0
25.3,65.8,1.45,764.4,2,3,37.5
24.3,33.9,0.82,783.4,4,5,30.7
28.0,59.6,4.0,754.7,8,5,37.3
27.9,52.5,0.99,780.5,21,1,41.9
19.1,88.0,0.89,768.2,8,6,54.7
23.4,62.6,0.66,776.9,22,4,46.3
26.9,44.5,0.35,770.6,6,6,48.9
25.0,28.0,0.74,779.1,23,2,44.0
12.9,30.6,1.1,766.9,22,5,41.8
17.0,35.8,2.8,761.2,11,1,37.6
10.6,37.6,0.16,781.4,8,1,70.3
27.1,79.5,0.59,769.1,5,4,47.8
20.1,59.3,4.14,771.8,22,4,31.0
12.6,56.6,0.4,779.9,1,4,57.5
21.4,28.0,1.05,761.7,8,2,32.2
20.4,80.2,5.0,774.8,16,1,27.5
15.2,70.6,0.42,765.3,0,3,52.0
10.3,24.7,0.22,768.9,18,2,54.5
21.4,69.5,1.66,770.6,5,0,56.5
18.4,58.0,0.9,758.0,4,5,36.1
23.4,25.7,2.07,763.8,1,4,26.0
18.4,52.1,4.07,780.8,8,1,40.0
25.0,53.9,0.37,777.1,13,5,37.0
19.0,31.6,2.17,769.5,3,6,35.7
19.2,86.2,1.76,771.9,3,2,50.7
25.5,79.5,0.39,767.6,20,0,51.1
16.1,66.8,2.45,780.9,14,6,33.1
10.7,52.4,0.8,768.4,7,2,50.8
8.6,48.8,1.67,771.9,3,2,35.7
23.1,65.6,0.21,779.2,15,3,49.9
20.4,58.2,1.54,763.8,20,5,49.6
22.1,24.4,0.91,782.5,3,3,30.4
12.3,55.9,4.32,757.8,15,2,29.4
10.7,76.4,0.15,783.0,21,0,52.4
8.3,52.1,1.36,767.0,11,1,48.7
15.0,23.6,1.53,768.1,15,1,31.6
19.8,75.0,3.23,754.9,18,6,24.0
15.8,34.1,2.13,766.4,7,5,45.8
16.7,38.1,2.75,761.7,5,4,31.2
26.1,31.5,3.75,765.1,9,4,33.6
15.0,43.1,4.95,768.9,4,1,26.2
18.3,73.0,0.94,777.7,17,2,49.7
23.7,56.4,1.93,771.7,9,2,49.5
15.9,34.3,4.58,772.5,9,3,25.5
20.4,81.4,11.38,761.2,6,5,6.6
25.2,81.6,5.51,763.0,17,3,16.4
27.0,80.9,1.16,784.4,0,4,45.1
10.9,36.7,0.54,764.1,6,1,54.6
26.5,51.6,1.68,783.2,20,6,29.4
17.8,88.9,3.38,768.1,0,2,36.7
13.2,74.0,1.7,770.0,14,1,47.3
17.2,21.9,1.65,778.6,3,0,29.9
27.6,24.6,4.55,780.2,19,1,32.1
17.9,52.5,1.12,769.1,9,0,34.4
14.6,83.6,4.91,766.9,22,3,37.6
20.7,57.7,1.31,769.6,8,3,52.8
12.8,54.8,0.99,772.7,1,4,39.4
9.5,27.4,1.51,777.1,13,1,42.1
10.6,66.0,3.59,770.0,15,1,43.8
10.6,77.5,0.34,775.0,0,0,50.7
11.0,46.6,0.55,783.1,1,3,52.2
10.8,74.3,7.56,773.1,6,0,16.6
20.8,87.5,0.48,772.5,9,3,62.2
11.6,34.3,2.1,757.8,21,0,37.4
14.9,56.6,2.16,749.0,19,3,40.0
25.9,40.1,1.68,773.1,0,0,20.5
17.5,75.5,2.59,769.2,12,6,35.8
21.4,60.4,0.65,765.9,0,3,45.5
11.4,64.4,2.01,771.9,4,5,42.8
11.8,75.9,1.16,769.5,15,0,51.3
8.8,47.7,2.71,779.0,14,1,30.1
11.4,84.1,0.38,770.7,16,4,58.1
13.6,57.3,2.12,764.0,22,5,41.8
11.5,31.1,0.51,777.9,15,5,34.1
9.8,68.7,0.82,768.3,12,0,45.6
10.4,75.5,0.62,774.2,10,4,48.4
17.2,42.2,0.5,766.2,16,1,50.5
12.1,80.0,4.37,764.8,16,5,19.2
15.3,83.4,0.84,770.7,1,1,48.2
18.1,39.4,6.55,770.1,12,3,12.2
21.8,88.8,8.76,773.8,13,6,5.0
8.8,29.8,2.12,767.9,10,4,30.1
24.0,34.1,0.39,755.3,9,6,42.5
20.6,32.9,1.17,766.5,2,2,26.8
9.6,82.6,4.0,776.4,16,3,36.8
25.5,65.8,1.14,767.6,14,4,48.7
26.4,30.6,0.23,768.0,8,0,52.3
9.2,50.8,2.03,777.9,9,6,57.2
13.5,63.1,4.66,764.3,7,0,33.7
24.1,25.8,3.97,757.7,20,1,21.3
23.0,81.8,0.48,768.7,12,5,33.7
11.7,76.3,2.79,766.1,17,6,36.7
12.2,55.4,0.62,762.3,4,2,59.6
15.4,87.7,0.62,768.6,5,0,39.8
17.7,49.2,5.18,773.9,16,4,27.9
20.4,88.9,0.72,769.9,10,6,43.2
15.4,66.8,0.76,772.5,19,6,46.5
17.3,64.4,0.0,784.5,15,5,33.8
22.9,31.6,5.11,767.3,8,5,32.9
8.7,81.7,3.93,772.2,1,4,34.2
13.0,49.9,2.47,765.9,4,5,36.5
22.3,31.4,3.47,763.2,0,0,25.3
25.9,20.9,0.41,765.3,3,4,22.5
18.2,59.2,1.53,766.2,3,4,44.3
18.6,56.9,1.08,772.9,21,1,32.2
10.1,70.4,0.25,788.8,2,2,36.7
16.9,82.3,1.66,764.3,8,6,45.2
18.7,25.6,6.34,766.7,21,1,12.8
12.8,71.2,0.1,769.5,22,2,57.4
13.4,33.1,0.86,773.2,11,4,40.4
15.5,80.1,0.58,772.1,9,6,60.7
8.4,77.3,0.68,780.3,1,5,38.9
14.4,57.9,5.98,750.6,10,2,29.5
12.2,69.7,1.58,750.9,9,4,55.5
14.5,42.0,1.57,766.0,21,4,45.2
10.4,53.0,3.57,778.8,5,1,31.9
25.8,77.5,0.42,757.5,17,1,44.8
19.9,52.1,1.67,745.9,1,5,27.6
21.6,45.0,1.41,774.6,1,3,25.4
23.8,54.6,2.27,771.9,9,0,44.7
18.0,78.0,12.0,761.3,15,3,5.0
9.7,43.5,3.67,762.1,11,3,35.8
18.7,32.2,1.27,762.2,0,6,29.7
19.7,69.8,4.39,770.9,20,6,38.9
22.9,77.8,0.47,765.0,7,5,51.2
16.6,27.0,0.08,774.0,15,6,31.7
10.6,36.8,0.57,747.2,17,2,44.8
13.7,29.9,1.04,763.1,12,5,36.7
15.3,44.4,1.79,761.0,14,5,19.4
20.9,51.5,2.39,767.9,20,4,36.4
19.4,72.4,6.04,765.7,11,4,20.3
15.1,65.6,1.78,776.4,7,4,54.1
27.7,63.5,1.74,755.1,9,0,49.8
20.1,44.7,0.13,770.4,13,2,41.4
12.7,78.9,0.09,774.5,4,2,34.5
10.0,53.0,2.0,784.9,17,4,33.3
11.1,88.5,1.44,766.1,18,3,51.4
12.9,64.4,4.57,772.6,14,0,25.2
11.2,28.8,0.44,755.6,5,3,42.3
11.7,67.3,0.06,750.9,10,1,50.7
13.7,42.8,1.49,776.8,20,2,54.7
11.5,68.0,0.68,770.0,10,2,38.4
25.9,24.9,0.13,779.4,19,3,48.1
9.6,32.2,3.22,759.0,19,0,43.9
18.5,79.9,0.3,774.2,20,2,58.5
16.2,35.9,2.34,785.0,17,3,42.2
27.6,78.6,0.82,773.4,17,5,46.5
10.2,39.5,0.48,772.2,9,5,45.5
16.0,65.0,1.19,770.1,1,6,29.0
27.4,68.6,4.04,757.4,8,0,28.5
25.3,55.9,1.24,780.8,13,3,34.8
24.3,41.4,3.47,765.1,18,6,24.0
13.2,34.9,0.34,774.0,9,5,55.2
11.4,22.3,3.7,757.5,22,0,25.4
21.4,41.3,0.68,760.6,3,6,26.1
26.6,65.7,2.83,781.5,5,4,27.8
19.1,85.7,2.09,767.2,13,0,51.2
19.4,81.0,6.62,781.6,3,1,20.9
13.6,73.6,1.22,769.4,14,4,37.9
23.4,75.2,0.17,755.3,15,6,39.7
11.7,66.5,0.05,777.1,6,3,66.1
14.5,38.2,4.38,765.3,16,4,23.9
16.5,83.5,1.86,775.6,18,4,53.4
18.2,67.0,3.73,770.2,18,6,40.7
12.8,59.2,0.67,757.7,16,3,33.0
10.3,27.8,1.06,771.3,5,3,36.8
20.2,51.3,0.08,787.6,10,5,51.7
13.8,52.2,8.14,773.9,15,1,8.2
19.6,80.5,2.76,769.5,7,3,50.7
11.1,58.3,6.77,778.6,10,2,22.3
17.6,46.6,0.77,771.7,6,2,44.1
18.7,88.4,2.36,771.7,23,1,36.0
9.0,27.8,2.84,761.3,21,0,39.0
14.7,49.6,0.96,771.9,18,6,44.4
10.7,22.9,4.71,778.3,9,0,35.5
9.3,71.8,7.35,763.3,8,2,48.7
27.8,84.3,5.4,781.4,3,3,34.3
14.4,39.6,3.36,769.3,22,1,18.9
24.2,80.1,0.81,762.9,14,0,39.1
13.1,40.5,0.83,778.0,12,0,55.2
21.6,83.8,8.27,767.7,1,6,5.0
23.2,72.8,0.03,776.1,1,4,57.1
19.9,76.3,3.15,767.7,15,2,31.3
17.4,21.3,3.06,769.5,8,3,39.7
16.2,87.4,2.44,773.9,12,1,45.3
15.0,70.9,11.54,772.3,2,0,5.0
26.6,41.3,0.93,754.0,8,6,47.1
24.6,78.1,1.04,761.0,12,4,50.6
27.3,39.7,0.21,777.4,20,2,50.7
10.5,81.1,1.46,768.9,21,2,49.5
22.6,27.9,0.76,765.8,1,6,39.6
26.8,69.3,1.05,759.1,7,1,56.0
11.6,57.8,4.5,761.4,8,0,37.8
9.3,26.8,6.85,753.8,15,1,26.0
22.8,36.9,0.51,769.2,1,6,35.9
19.5,20.9,1.17,765.2,5,6,29.8
24.8,52.8,6.6,762.3,21,1,7.1
10.8,41.1,0.16,769.5,7,5,42.1
23.9,61.9,0.24,772.9,4,4,52.9
12.0,40.8,0.44,786.7,8,2,67.4
11.3,41.0,2.26,757.9,0,5,29.0
11.3,72.0,0.41,779.3,8,3,51.0
24.3,23.4,8.61,777.8,9,2,8.7
21.3,83.2,1.48,763.8,22,2,32.7
18.5,79.7,1.74,771.6,3,4,30.2
15.2,66.7,0.71,766.3,2,3,55.0
25.5,61.5,1.59,771.5,9,0,60.7
15.8,82.5,2.71,782.1,14,3,31.2
24.3,33.0,3.48,774.8,10,0,32.0
16.8,25.5,3.5,774.1,13,3,17.9
15.5,36.8,2.16,766.6,5,1,35.7
17.3,75.6,5.87,758.1,11,6,30.7
14.0,22.4,4.25,768.3,12,3,30.0
23.0,60.8,3.54,779.7,16,5,31.1
18.1,89.7,0.14,757.8,15,5,41.8
12.6,79.9,0.02,761.6,2,4,55.7
26.0,56.5,0.6,771.0,1,6,37.6
15.7,24.5,2.72,762.1,10,6,33.2
18.9,78.2,1.32,763.7,8,0,55.2
26.1,61.9,1.29,766.6,2,2,38.5
20.5,28.0,5.4,759.1,17,4,23.2
10.3,26.6,5.65,762.2,19,5,20.1
26.8,83.7,6.0,775.6,14,5,11.7
20.6,66.8,0.94,759.5,13,0,34.2
14.7,78.1,2.94,757.2,1,5,24.7
10.8,81.5,0.79,765.0,16,5,42.1
23.9,60.0,0.53,775.9,21,0,43.4
20.4,56.2,0.51,768.4,7,5,44.6
18.7,50.1,1.05,766.3,9,2,46.5
25.9,42.2,1.41,770.4,17,1,40.2
23.8,50.4,4.44,756.0,18,4,39.1
11.0,74.2,0.32,774.0,7,2,59.8
14.2,62.1,3.32,773.1,7,2,44.6
13.0,82.5,1.9,766.7,2,1,35.6
22.9,51.0,0.85,778.0,2,6,31.9
8.7,62.5,1.7,761.0,11,4,50.4
19.4,64.2,0.89,779.0,21,2,52.5
23.2,61.4,2.27,771.2,16,5,36.7
25.5,69.2,1.42,767.3,3,1,43.1
14.8,36.6,0.45,769.8,16,6,39.5
24.4,55.9,0.31,769.1,13,4,42.8
10.2,27.3,1.98,779.8,18,3,43.9
24.9,46.9,5.82,761.4,8,0,28.8
10.5,54.1,1.05,763.9,20,5,44.8
15.9,65.7,3.3,778.3,11,1,37.3
23.9,86.5,2.69,765.2,4,0,40.1
11.0,62.0,6.7,777.2,10,6,23.3
12.6,72.1,4.3,783.6,19,6,48.5
22.4,55.4,2.09,766.8,2,3,26.2
22.4,64.4,2.68,775.5,20,2,45.9
20.8,25.0,5.72,760.8,14,2,14.5
21.9,37.8,1.28,776.0,13,4,35.0
18.9,45.3,0.99,771.6,10,1,40.5
13.0,53.1,0.03,773.8,19,1,60.6
14.9,23.2,4.38,764.8,7,6,33.2
11.6,29.8,4.04,756.7,3,4,29.8
26.2,39.4,0.28,774.0,11,0,41.9
19.7,88.0,2.15,753.5,7,2,49.0
16.0,43.2,1.56,767.5,5,2,38.7
17.2,53.7,0.32,777.5,14,6,40.2
26.9,33.7,9.85,771.5,11,1,5.0
11.1,62.8,0.6,785.6,15,6,45.8
19.7,39.6,0.17,778.2,15,1,55.4
18.1,34.5,2.26,764.8,20,4,42.2
20.2,56.2,3.36,770.2,19,3,37.7
8.4,20.4,0.08,769.6,19,0,49.6
25.4,20.5,2.69,757.3,3,5,23.9
26.6,35.3,1.9,762.5,10,3,35.9
19.3,22.6,0.27,765.5,12,3,42.9
21.9,27.6,0.47,753.7,8,1,49.2
26.4,43.7,2.1,770.4,3,1,41.2
22.1,76.2,0.88,768.0,11,1,55.0
11.1,60.0,6.96,756.6,8,3,30.6
19.5,55.9,4.27,773.2,12,6,21.6
20.1,40.5,10.27,775.7,15,0,5.0
16.5,85.2,0.75,771.8,5,6,43.6
22.7,47.8,8.74,767.4,9,1,12.7
26.7,26.1,1.41,774.7,12,2,25.4
26.5,63.2,1.07,775.4,6,6,48.1
17.0,28.0,0.13,772.5,18,0,54.1
10.3,44.2,0.14,763.4,23,2,50.2
27.7,55.5,2.94,772.2,18,0,36.8
24.8,81.2,1.53,779.6,16,1,53.1
10.5,54.5,0.64,765.2,12,6,38.5
26.4,69.2,2.38,786.8,12,5,35.4
25.4,89.5,0.73,765.8,20,4,43.2
18.4,29.2,2.15,770.3,1,1,29.3
19.8,39.2,1.11,764.6,9,3,47.4
16.0,47.6,4.34,771.8,21,5,25.2
9.1,49.5,4.3,756.1,12,3,20.3
14.7,48.8,1.62,765.6,8,0,55.8
24.1,83.5,1.08,761.3,0,3,47.1
8.1,70.0,1.13,771.1,13,5,34.8
14.7,62.6,4.1,778.0,15,5,18.2
16.0,41.7,0.99,775.2,19,1,43.5
18.7,77.7,0.59,751.0,14,2,46.3
26.4,86.9,0.22,786.3,0,1,41.9
14.9,77.5,1.57,772.4,16,0,42.8
14.9,20.1,1.65,763.8,23,3,26.3
22.8,64.5,4.6,771.3,12,2,37.9
17.0,23.6,0.63,771.4,14,6,32.0
12.5,38.0,1.2,764.7,15,4,44.9
17.0,24.2,4.13,771.6,15,5,21.1
10.8,62.3,4.34,765.1,1,2,28.7
11.5,68.1,1.21,766.8,16,6,38.8
18.0,28.0,1.54,764.5,10,2,36.1
16.4,46.9,0.9,758.5,7,1,48.3
26.3,51.9,6.74,771.2,19,6,12.3
15.2,45.8,0.32,774.7,2,4,35.0
19.6,28.5,6.79,774.1,11,5,22.7
20.6,49.3,2.88,776.6,19,0,42.1
8.3,72.6,1.9,772.6,15,0,50.8
21.3,25.0,0.08,765.7,13,2,32.7
11.6,25.6,1.61,776.7,15,6,22.8
27.2,44.8,1.31,759.1,20,2,35.8
11.0,85.9,0.44,762.8,16,3,47.6
16.3,66.8,2.67,762.3,10,4,42.4
9.7,67.5,8.86,778.6,16,5,8.9
27.9,45.3,2.06,777.5,18,2,34.8
18.0,61.6,3.14,773.9,21,3,37.5
19.9,20.7,0.18,778.6,0,6,33.3
9.3,64.5,1.35,763.0,11,4,49.1
23.0,83.9,0.31,772.8,14,5,49.0
12.2,62.9,2.37,769.0,17,0,39.6
26.0,81.2,6.97,776.8,22,3,26.8
12.1,70.7,2.71,769.1,13,6,32.1
11.8,28.4,0.2,766.9,0,4,31.0
8.7,83.2,1.09,774.3,12,3,57.8
17.4,24.7,2.0,777.0,14,2,45.0
19.3,57.4,1.29,764.7,6,1,49.2
9.3,29.9,4.48,769.5,14,0,24.9
23.5,20.8,4.21,761.5,19,2,27.6
17.1,49.5,2.37,750.0,9,2,42.2
18.5,40.7,1.17,771.6,13,6,38.9
16.8,54.0,0.74,774.9,5,6,39.0
16.0,60.4,0.28,772.1,13,4,53.9
19.2,23.1,1.1,754.4,23,6,28.8
11.1,28.6,1.33,767.2,21,3,38.5
11.6,59.1,2.82,752.3,11,0,33.4
25.2,44.0,2.68,781.0,10,2,32.5
26.9,71.0,0.18,761.3,19,4,54.9
15.5,65.7,1.26,780.0,21,0,38.4
13.4,79.2,0.5,777.6,23,6,37.4
20.9,68.5,0.43,762.8,18,6,53.8
16.2,50.1,4.39,760.9,1,3,19.3
8.5,67.1,0.11,772.8,21,6,52.9
11.1,39.3,1.36,763.2,19,2,34.8
22.3,41.4,0.46,770.8,0,5,41.8
21.2,75.2,5.29,766.1,7,2,29.1
8.5,51.2,2.04,755.8,13,2,31.7
12.4,75.9,0.66,752.2,8,6,58.6
12.6,77.6,1.75,771.8,1,0,43.0
21.4,80.0,3.29,765.5,22,6,35.2
8.4,84.2,7.93,765.6,4,0,11.9
10.1,50.2,0.62,775.6,22,0,43.2
24.0,42.3,5.43,779.4,7,0,27.3
11.6,60.8,6.81,767.8,15,4,12.7
21.1,46.0,6.2,767.3,21,1,24.7
12.8,62.1,2.52,774.0,15,6,37.3
10.0,69.4,2.48,759.1,12,4,36.4
12.9,68.2,1.29,771.8,19,2,60.8
22.4,46.2,3.49,774.4,14,4,22.3
25.1,31.7,1.89,775.4,0,3,39.3
24.6,50.1,2.83,754.5,21,5,32.0
15.9,30.0,1.4,763.9,2,0,26.9
21.4,82.3,3.29,763.0,5,6,43.1
12.1,44.2,4.35,770.8,21,3,28.5
13.9,30.8,0.4,773.8,13,6,42.0
25.9,21.8,4.47,782.0,3,5,14.7
8.3,65.2,1.94,766.0,17,3,47.1
9.7,64.6,4.66,766.0,14,6,29.0
12.2,43.8,1.41,779.2,8,2,58.2
8.5,25.0,1.19,772.4,17,0,40.0
11.6,48.7,6.16,780.1,2,3,23.3
19.7,41.8,0.72,772.3,9,2,53.4
16.4,67.4,4.65,760.7,16,0,30.0
25.9,62.4,1.65,759.3,6,1,41.3
24.3,45.5,1.8,757.6,14,2,33.5
14.8,35.3,0.92,775.3,0,4,49.6
13.2,89.2,2.13,779.5,10,6,42.7
15.6,51.8,0.98,784.8,16,0,49.8
19.8,68.2,0.1,776.7,4,3,41.9
13.4,29.8,0.79,779.3,6,5,35.6
20.5,54.0,0.02,765.4,18,3,70.2
16.2,21.9,9.58,760.7,23,4,5.0
19.0,55.4,8.43,776.8,14,6,8.2
16.7,87.5,1.26,773.3,2,4,47.3
13.9,46.9,3.26,770.9,14,3,38.9
27.0,22.7,1.06,773.1,4,6,30.1
23.3,22.2,2.78,772.6,22,5,27.9
10.8,47.2,4.09,780.3,11,0,25.4
25.4,31.2,7.33,780.4,19,6,19.6
17.7,21.6,1.28,774.4,4,2,33.0
25.9,72.9,3.82,776.8,2,6,27.7
24.0,52.1,0.77,774.1,8,4,42.8
16.5,40.2,11.6,766.3,8,4,13.7
8.4,83.0,0.07,776.1,6,4,44.6
13.4,28.1,2.31,758.8,1,5,24.1
18.8,86.9,2.69,778.4,22,6,24.4
20.7,42.0,2.91,760.4,22,6,29.4
13.2,82.2,0.32,772.3,20,1,56.5
10.8,62.2,6.97,763.2,15,5,9.3
24.7,77.9,0.5,774.4,8,0,66.5
27.7,88.9,2.44,769.7,12,0,31.3
18.5,40.2,0.63,757.2,18,0,28.0
11.4,87.3,0.92,773.4,19,0,59.6
13.4,47.3,1.98,765.4,16,0,26.9
8.4,47.0,1.35,777.0,5,3,38.0
26.3,43.8,0.44,770.0,3,4,34.5
10.4,57.9,0.47,773.2,0,5,30.7
19.5,30.8,1.35,762.3,17,3,35.5
13.5,58.8,3.54,765.3,18,5,25.8
19.1,57.9,5.71,766.3,8,1,36.3
21.0,73.3,0.22,776.9,12,6,33.2
24.6,78.4,1.25,783.4,7,2,53.3
12.1,50.8,0.26,763.6,22,4,52.2
8.2,41.2,0.04,778.6,12,1,50.1
10.7,38.2,2.71,752.6,14,3,30.9
26.0,33.6,2.31,760.4,10,2,29.7
25.5,24.0,0.44,762.3,11,6,33.5
19.9,44.0,0.67,759.2,13,1,33.9
20.0,38.9,0.06,757.3,3,6,35.8
21.3,87.6,4.5,773.3,0,6,14.0
11.5,59.0,9.19,768.3,23,5,9.5
26.3,44.3,0.36,773.0,3,2,38.3
16.4,60.6,0.66,775.5,18,5,58.9
15.7,29.7,5.07,772.1,8,6,37.8
18.4,51.1,6.52,775.3,9,1,32.8
8.9,63.8,1.36,769.4,3,6,36.3
11.3,54.2,0.13,760.5,19,3,49.8
22.8,48.1,0.1,778.5,8,6,56.5
9.7,89.6,2.13,765.3,12,5,36.8
20.1,81.6,1.25,762.5,11,2,51.6
12.9,63.6,0.07,768.6,10,1,55.8
15.8,59.9,2.19,762.7,11,5,36.3
13.8,63.4,0.03,766.7,17,6,49.2
15.1,34.1,3.87,772.8,11,3,23.5
22.4,47.7,0.91,772.8,15,4,31.9
13.9,22.8,0.1,762.8,4,3,33.6
19.3,53.3,2.22,766.1,19,6,44.8
17.5,58.0,1.27,778.6,11,3,36.9
21.3,35.9,9.11,774.0,20,4,6.7
26.7,87.5,1.96,786.6,10,3,49.4
22.7,83.7,0.8,779.4,8,4,56.9
12.3,70.6,3.09,779.2,17,6,33.2
8.6,57.3,0.79,758.9,2,4,39.9
13.2,80.9,5.86,776.1,19,5,16.5
19.9,29.1,1.17,769.6,16,5,25.5
9.0,75.3,2.0,765.6,13,4,48.1
17.9,28.7,0.13,771.3,0,1,35.6
19.9,75.6,1.39,777.6,16,2,31.4
14.7,39.3,4.46,774.0,7,1,30.9
23.4,81.4,4.1,763.0,4,4,32.1
10.1,86.1,0.64,775.9,4,2,51.1
9.5,30.4,0.64,764.9,8,5,47.5
22.6,52.4,4.25,771.7,2,2,20.5
17.9,88.7,6.66,767.6,18,4,21.6
21.8,53.8,0.25,768.2,22,5,40.3
16.7,80.4,1.49,776.1,8,2,61.8
12.9,61.2,1.03,761.7,21,2,54.0
24.4,46.3,5.11,785.6,17,1,18.8
24.0,40.0,0.22,755.4,15,2,46.5
21.9,34.2,0.59,765.2,0,6,31.0
13.4,73.3,3.49,773.0,1,4,33.7
19.8,47.1,0.13,774.7,13,0,46.8
15.2,55.8,1.7,769.2,13,0,34.4
9.8,54.5,1.46,769.5,0,0,26.8
26.3,60.4,1.02,773.3,15,4,42.6
10.7,80.6,1.25,768.2,14,0,46.4
27.0,88.7,1.89,781.1,14,1,36.6
16.9,48.5,0.44,776.7,11,4,48.3
11.7,77.9,2.12,777.0,15,6,41.1
18.8,73.5,4.09,762.3,13,5,15.2
25.5,60.1,3.57,769.4,23,6,23.3
22.6,86.9,0.42,767.6,14,4,31.4
24.1,34.0,0.4,762.0,22,4,37.7
21.2,27.6,0.78,772.9,14,2,33.2
21.8,79.8,1.12,765.7,18,2,52.5
25.0,50.7,1.31,775.2,7,2,41.8
13.0,79.3,2.85,761.4,1,3,34.1
17.8,82.5,0.15,783.8,1,1,28.3
12.4,24.4,0.09,762.8,9,4,55.7
27.8,81.8,1.24,771.8,2,6,34.0
26.9,51.4,2.99,776.3,22,4,31.2
8.8,55.7,0.54,765.4,16,2,37.0
22.1,63.9,2.56,776.8,7,4,48.5
26.5,84.8,0.75,760.2,22,5,48.8
11.6,21.3,5.43,781.6,3,4,18.1
19.4,53.4,5.65,770.1,13,6,19.2
26.3,68.1,0.88,765.2,20,0,42.2
8.7,70.6,0.65,767.6,9,5,52.9
21.9,68.5,1.32,776.5,0,5,24.9
13.9,29.4,0.69,765.3,3,4,42.6
26.5,41.0,2.79,764.0,0,3,28.1
27.4,45.1,4.37,768.2,16,2,16.3
26.9,76.3,2.8,760.6,16,1,29.5
17.5,39.5,4.35,784.6,6,1,32.5
25.2,34.7,1.26,765.5,22,0,40.5
24.9,87.0,0.42,776.7,19,1,63.5
14.4,20.6,3.35,771.7,14,1,25.3
24.6,89.8,1.12,762.1,12,2,34.5
8.7,67.4,2.78,770.0,1,2,38.2
19.9,78.0,0.79,776.3,18,3,62.5
12.6,40.6,0.21,768.5,23,6,27.7
10.4,21.0,12.0,779.5,12,0,5.0
9.5,71.7,0.42,778.2,23,1,51.4
21.9,78.4,11.15,777.4,10,3,10.0
14.8,71.8,9.46,766.3,21,0,10.6
22.5,30.0,3.95,761.4,14,5,18.4
9.3,72.7,2.69,765.1,9,1,56.1
14.3,73.8,2.16,771.6,8,1,53.0
18.8,66.1,5.03,774.4,8,2,38.7
23.8,73.6,0.85,752.6,19,4,53.5
14.4,79.2,1.58,769.9,0,0,40.0
20.5,63.0,2.41,771.3,16,1,43.2
25.7,26.2,1.32,767.8,11,0,46.7
20.3,54.1,1.39,780.3,9,6,39.7
12.7,25.4,1.0,773.4,4,3,30.1
8.5,48.5,2.08,780.5,17,3,44.7
25.4,48.5,4.75,768.3,14,4,13.4
8.4,24.6,0.56,777.5,5,1,35.2
25.5,44.4,6.81,783.1,6,6,5.0
18.6,27.8,2.92,780.5,16,2,27.8
26.8,76.6,4.33,761.3,5,1,29.2
24.0,86.3,2.03,768.0,7,0,47.5
28.0,25.1,3.78,767.2,11,5,27.2
15.0,86.9,0.04,773.9,20,3,65.3
23.3,56.6,4.26,775.5,13,0,36.9
16.0,41.0,0.1,763.3,11,4,44.6
17.6,25.4,5.52,770.5,22,3,26.2
20.6,55.0,12.0,753.8,9,2,8.2
25.5,75.6,0.87,781.5,21,3,47.6
27.7,69.5,0.59,765.9,19,5,42.1
23.4,23.5,3.62,770.4,14,6,5.0
16.4,25.1,0.73,767.5,6,1,47.7
16.4,48.2,5.02,779.2,8,5,40.0
22.8,40.7,0.27,747.3,9,6,36.0
12.8,36.3,0.34,769.9,9,5,48.3
10.2,39.7,9.68,769.2,15,1,11.2
15.1,76.2,2.8,766.4,6,3,41.5
13.7,85.0,4.69,783.8,4,4,39.2
13.9,48.4,0.98,762.9,22,1,40.6
12.7,83.4,2.82,776.2,2,1,35.0
8.8,42.5,2.25,772.9,17,6,42.9
8.4,53.4,2.31,780.1,10,2,39.3
27.8,35.8,2.87,764.7,14,3,21.5
16.6,64.8,2.14,764.1,20,1,39.4
15.7,88.5,1.4,778.8,19,4,47.0
21.6,62.2,0.81,773.4,4,0,42.2
12.4,45.0,3.66,757.6,23,3,25.8
27.0,65.3,0.64,765.7,11,2,45.6
23.7,28.6,2.95,773.1,3,5,10.8
9.8,82.2,0.66,776.7,14,1,40.9
16.4,55.2,2.45,764.6,8,4,49.0
25.6,51.5,3.44,746.7,6,3,42.1
26.9,61.0,0.62,774.2,9,4,54.2
17.3,63.7,0.15,760.2,22,4,42.3
20.3,25.0,0.35,753.9,12,6,23.0
11.3,67.8,2.33,747.3,7,5,40.5
27.8,36.9,4.73,776.5,11,2,22.1
12.6,70.0,0.12,771.0,21,3,37.7
26.9,77.6,3.31,768.2,23,1,24.1
21.0,76.3,1.04,781.1,18,2,46.0
20.2,58.7,1.63,775.1,0,1,35.4
18.3,56.4,6.61,782.9,15,0,18.0
12.6,30.0,1.01,758.9,21,4,38.0
11.5,74.3,1.57,769.7,16,0,47.1
12.4,39.0,0.03,757.1,17,6,42.6
11.7,54.8,0.21,768.2,10,4,49.6
23.6,39.9,0.75,768.0,17,5,40.2
15.0,29.4,0.07,775.0,6,2,51.3
9.2,64.1,2.49,770.4,17,1,33.7
27.4,23.8,1.39,775.0,7,6,38.0
25.7,72.4,1.99,775.6,5,5,39.6
26.6,42.2,0.48,787.2,6,1,51.8
27.9,20.0,0.88,767.5,22,2,35.9
11.5,55.8,2.73,762.5,21,3,37.8
15.9,23.3,8.4,772.0,9,6,15.8
23.2,39.3,0.13,763.6,10,0,51.1
21.9,69.5,5.53,781.9,12,0,24.5
11.1,24.4,2.15,767.7,8,1,48.4
24.3,78.8,2.07,765.5,6,1,42.6
12.5,20.3,1.73,766.2,8,1,39.5
12.5,37.3,0.18,775.7,12,6,36.8
18.7,71.9,0.24,768.7,2,2,40.5
19.9,42.1,2.3,764.9,2,3,27.3
19.6,27.1,1.04,783.3,0,0,43.7
9.8,45.2,6.23,763.2,20,5,28.1
25.5,38.9,1.3,770.3,19,4,33.2
13.3,79.0,0.39,775.2,1,6,35.5
10.6,41.9,3.14,756.9,2,6,23.2
25.8,75.2,0.87,773.8,14,2,37.0
27.1,82.4,1.86,761.6,23,0,39.4
25.2,50.4,2.99,776.6,5,3,24.6
24.2,83.7,5.76,762.3,12,2,29.1
21.1,46.4,3.93,775.5,20,5,28.8
19.0,87.5,2.82,778.8,0,0,34.9
9.7,26.3,2.85,776.9,19,2,40.3
16.2,68.1,7.29,772.0,18,0,22.6
15.5,54.6,0.88,768.1,0,0,28.2
13.2,47.1,0.0,765.4,20,6,46.8
22.5,64.3,0.79,781.8,21,3,43.9
17.9,69.3,0.61,764.4,1,6,32.0
9.6,20.3,2.71,761.7,14,4,36.1
12.4,31.7,2.51,775.3,13,3,35.9
21.7,69.9,2.25,763.6,18,0,58.2
9.5,66.6,0.04,762.4,10,2,59.7
25.0,87.6,3.26,758.5,14,5,23.7
17.9,73.3,0.98,766.1,5,3,39.8
17.6,86.6,2.73,769.3,19,4,44.2
19.8,69.2,2.03,771.9,8,0,47.8
24.5,40.9,1.05,777.6,4,5,32.1
15.0,27.4,0.36,774.2,19,3,39.6
21.6,74.7,0.25,768.5,1,6,43.0
19.3,65.1,4.45,768.4,5,6,25.4
13.3,23.4,6.26,774.1,17,3,23.4
25.6,45.2,2.62,780.2,22,3,24.9
23.9,87.0,0.27,771.0,18,3,55.2
21.2,55.0,1.29,766.2,8,5,54.8
25.0,50.3,3.26,762.1,20,6,25.3
25.3,52.0,3.78,758.4,23,2,20.3
22.2,34.6,0.31,775.3,5,4,45.6
24.7,45.8,0.0,774.6,13,4,34.5
21.9,45.9,3.11,774.6,23,0,27.8
21.6,23.7,1.1,769.0,12,1,42.9
20.4,73.7,0.73,781.3,10,2,45.4
23.1,49.2,0.03,766.1,11,6,48.1
11.2,77.6,1.94,777.6,18,0,47.7
25.6,79.5,4.76,769.7,18,0,27.3
25.4,34.8,7.9,765.1,20,3,18.2
8.6,66.0,2.09,774.7,18,1,48.7
24.5,53.1,1.81,773.3,23,6,29.7
10.6,81.6,0.22,772.9,12,1,45.2
14.7,35.1,1.99,770.7,13,2,34.2
22.9,67.4,1.2,769.7,23,1,27.1
11.2,62.5,2.34,789.1,17,0,44.5
24.4,40.7,1.23,779.5,11,1,45.9
24.6,29.6,0.69,775.8,3,1,24.6
18.1,65.6,0.25,770.9,9,4,54.1
8.1,71.7,0.95,778.1,16,6,37.3
13.7,42.1,0.25,774.1,3,6,27.9
20.3,65.1,0.49,770.2,11,0,33.2
27.6,47.7,10.92,767.6,12,5,5.0
20.6,69.9,1.47,769.4,3,1,37.6
13.2,33.9,1.9,744.6,9,1,52.3
20.7,82.3,5.17,771.7,2,3,16.8
18.8,40.1,12.0,766.1,14,6,5.0
23.6,45.7,2.18,782.7,1,1,33.4
10.1,24.1,4.18,770.2,16,6,31.5
23.2,27.8,0.99,760.5,5,1,39.9
18.8,56.1,0.91,769.6,7,4,56.0
27.3,38.7,1.29,761.6,2,0,36.7
14.8,78.5,2.79,773.8,17,6,31.3
20.7,21.0,2.87,772.3,21,2,27.7
26.6,46.5,0.95,777.7,0,0,42.7
10.1,43.6,0.36,763.7,15,3,30.6
26.7,21.4,2.5,770.3,6,0,29.2
21.8,28.7,0.34,759.1,2,1,28.3
9.4,49.0,2.16,775.6,22,3,40.2
14.0,54.5,2.96,774.2,3,0,30.5
22.2,48.3,3.02,774.0,8,3,47.9
9.3,57.2,3.5,770.0,4,2,32.6
19.6,61.7,5.16,773.3,18,0,22.5
14.9,20.7,1.73,782.8,14,6,18.9
20.4,52.5,3.28,767.7,7,6,36.6
8.9,87.4,2.41,771.1,5,5,35.0
25.4,56.3,0.52,761.3,17,1,40.7
27.5,67.4,0.07,763.1,18,3,55.8
27.4,41.8,0.84,770.8,23,5,35.4
23.0,74.2,1.46,778.8,14,5,45.2
10.6,74.1,2.4,767.9,6,4,44.4
23.2,56.5,4.74,768.1,9,3,31.7
8.5,88.3,0.55,766.7,5,5,49.6
8.4,28.8,0.34,765.7,13,4,37.5
14.5,21.2,8.27,772.4,16,5,5.0
17.8,73.9,0.29,758.0,8,1,58.2
23.4,76.5,1.63,780.2,18,2,57.2
21.7,28.4,2.2,764.7,4,4,34.4
16.9,38.6,1.95,775.8,22,2,40.7
13.5,21.2,0.22,759.8,6,3,55.5
27.9,40.5,0.15,775.4,18,1,51.7
16.5,74.1,0.28,775.4,19,4,48.9
17.0,56.3,2.2,773.1,6,3,48.1
11.3,44.4,1.97,762.0,23,5,37.2
23.9,46.0,0.67,772.0,1,6,36.5
21.9,20.1,2.54,760.5,22,0,27.3
12.4,41.0,4.29,768.0,15,3,29.5
9.6,65.3,0.11,778.2,12,2,48.2
21.6,88.2,1.72,776.4,7,1,47.4
21.1,79.3,2.92,770.1,5,1,33.3
13.5,21.7,0.73,762.2,5,3,43.9
27.0,82.9,0.92,775.2,8,5,45.9
11.0,74.8,2.38,770.2,3,0,34.2
16.6,74.6,5.71,751.4,10,2,35.1
26.9,52.1,4.15,776.3,4,3,25.7
16.4,47.9,2.19,769.8,16,3,39.6
20.8,41.2,3.28,779.6,19,6,25.4
16.0,24.6,1.13,761.2,6,1,45.3
13.5,36.0,2.56,744.6,14,2,26.5
27.7,37.3,1.57,772.2,14,0,25.6
16.2,53.9,0.53,772.3,13,1,38.9
25.9,72.3,3.02,756.5,12,3,39.9
12.6,53.2,2.03,762.2,10,1,41.6
12.3,24.0,1.11,792.0,12,1,51.2
8.6,87.0,6.06,767.6,21,4,19.3
21.0,86.0,0.05,775.8,23,1,38.5
15.4,75.0,0.95,764.8,8,5,60.9
25.3,89.4,0.15,753.3,9,1,67.0
17.5,58.1,3.64,768.6,3,5,19.3
27.4,87.4,3.03,767.9,16,2,35.7
11.7,25.3,1.01,766.8,13,1,41.0
25.4,45.6,2.81,769.1,23,0,27.6
23.5,35.8,1.26,772.1,17,5,34.8
23.4,33.7,3.53,768.8,10,5,27.0
24.9,29.9,1.51,759.9,15,3,22.7
23.2,63.6,1.33,773.9,0,2,35.8
20.5,74.7,6.82,754.4,6,1,25.2
10.6,60.5,0.72,753.6,9,6,50.9
8.7,30.3,0.32,775.9,8,0,46.0
26.4,76.8,2.2,774.1,2,3,40.0
20.3,64.5,8.71,769.5,21,2,15.0
23.9,47.2,1.19,758.8,22,5,25.9
17.6,67.2,0.16,764.3,13,0,55.3
10.3,38.2,1.04,767.9,14,1,36.9
10.5,44.2,1.76,757.2,1,6,29.5
21.7,84.2,0.44,764.1,23,4,49.0
16.6,40.3,2.68,775.2,13,4,42.6
12.0,52.9,12.0,781.4,15,2,5.0
17.8,82.3,1.5,766.6,6,6,48.9
9.3,69.5,1.1,776.1,3,0,38.2
19.6,24.4,1.28,754.7,17,3,37.9
13.4,30.3,0.31,775.3,23,0,37.5
24.0,20.5,5.37,763.6,4,6,14.8
14.2,64.2,1.34,772.5,5,5,43.7
17.1,51.3,1.22,768.0,6,4,55.5
8.2,29.4,2.69,780.6,14,2,19.3
9.4,87.1,1.46,763.0,0,1,40.7
15.8,57.1,2.61,775.0,23,0,42.5
17.6,36.9,0.16,767.8,3,4,31.7
20.0,55.0,4.2,768.7,0,3,30.6
13.8,67.6,7.05,768.5,10,2,32.6
21.9,25.3,2.62,763.2,17,1,31.8
25.2,39.2,7.73,769.9,13,0,5.0
23.6,76.5,0.41,769.5,21,3,47.5
8.8,52.2,1.62,771.9,10,1,55.6
17.6,58.3,2.3,770.7,9,5,51.6
10.1,50.3,2.18,776.4,16,4,40.0
12.8,23.1,1.28,777.4,3,5,24.6
27.7,31.6,1.03,761.6,23,4,43.4
10.8,51.2,0.34,777.0,14,3,48.9
18.0,34.6,1.24,760.5,15,5,25.0
20.4,23.5,0.44,774.7,20,4,46.8
22.0,79.1,3.31,775.0,12,2,35.5
19.2,88.7,0.59,754.7,8,3,56.0
8.2,75.5,0.15,770.7,10,4,58.5
14.5,79.8,2.01,766.3,10,0,54.1
18.4,36.9,2.26,763.9,5,4,32.7
9.8,87.2,5.14,780.8,0,5,32.8
15.0,33.8,2.15,764.8,21,2,26.7
8.7,86.6,1.06,763.5,5,1,62.9
9.6,89.6,4.06,770.6,12,1,36.1
15.9,69.8,1.94,775.5,21,4,50.2
10.7,88.7,0.21,768.9,23,1,51.6
19.4,59.9,2.09,779.3,21,4,35.9
21.8,38.2,5.97,774.2,4,2,16.8
24.0,50.6,1.26,752.6,14,1,23.6
12.0,61.5,0.88,765.8,17,5,46.6
11.3,25.1,0.39,765.5,19,5,45.2
10.1,63.6,0.41,773.8,13,0,44.6
20.7,88.7,1.42,749.0,14,4,45.5
22.1,33.3,2.26,790.4,4,1,32.0
8.6,75.5,0.21,774.2,3,5,47.4
26.7,83.6,7.02,771.2,1,6,17.7
9.0,86.1,3.52,779.5,6,2,41.4
18.8,87.2,2.21,788.7,9,2,47.6
22.2,56.5,4.41,777.0,15,6,10.3
25.4,88.4,0.21,777.6,9,6,54.0
22.3,73.0,1.62,771.0,17,0,46.1
24.0,31.3,2.49,768.9,16,2,22.2
14.8,53.4,4.41,766.2,20,2,43.1
24.3,70.3,3.83,763.4,12,1,24.1
9.6,37.3,0.81,764.5,0,4,27.0
25.9,64.8,7.07,759.2,0,3,22.5
19.0,66.7,0.33,769.4,14,2,31.7
24.3,31.4,5.2,756.5,0,2,22.1
17.0,59.6,8.85,771.5,5,3,16.6
20.9,74.0,0.49,769.7,12,2,46.2
18.5,54.9,3.2,771.2,0,1,27.2
22.6,20.8,0.1,765.8,4,1,40.2
9.6,20.6,1.3,794.6,8,3,57.9
9.2,45.0,1.82,780.9,16,5,29.0
12.9,84.8,2.17,760.0,15,2,46.6
11.2,36.0,6.87,771.9,7,5,28.3
25.4,64.4,2.79,765.1,16,2,35.0
12.4,35.5,1.64,761.9,14,4,32.0
27.5,42.5,4.15,759.3,23,2,27.7
14.7,79.4,7.52,773.5,0,1,21.0
11.6,71.0,0.06,764.5,11,0,44.3
23.8,26.7,10.12,777.7,4,6,5.0
21.2,50.0,0.23,778.0,23,0,46.7
18.0,22.0,4.21,781.0,5,0,26.1
19.1,53.7,0.82,763.2,0,0,45.6
22.4,66.4,0.35,773.8,0,6,35.4
12.6,28.3,1.45,775.1,9,5,37.0
27.9,40.2,2.58,766.2,9,6,48.4
27.5,47.8,1.2,763.8,2,5,19.2
21.0,84.4,0.14,782.9,16,6,41.1
12.0,89.5,2.29,771.8,18,6,46.3
21.6,23.1,5.82,775.1,10,2,28.0
9.4,73.3,1.21,763.4,17,5,47.4
8.6,46.0,0.61,760.2,1,2,55.7
13.2,47.5,1.46,765.4,8,4,51.8
17.3,72.8,0.12,769.0,23,2,41.1
25.4,84.3,4.29,761.5,16,0,28.7
22.5,86.6,4.38,769.9,13,3,27.4
22.9,60.4,2.22,756.5,3,3,32.9
16.5,45.0,1.09,761.0,16,1,33.7
14.9,75.1,4.02,775.4,16,1,38.3
15.4,37.6,2.02,774.8,11,2,39.1
27.8,59.5,4.37,766.9,19,6,20.8
8.8,45.1,2.5,761.9,17,6,40.1
25.3,66.0,3.84,761.8,2,3,22.1
19.6,36.8,2.28,767.0,10,0,31.4
16.8,33.4,1.34,775.2,17,5,35.9
22.5,84.3,7.92,777.4,3,0,5.0
17.7,27.1,1.95,766.0,16,0,36.9
25.5,55.4,2.32,760.8,17,2,19.4
26.0,35.5,0.62,772.1,4,2,30.4
16.4,22.7,2.46,763.4,13,4,38.4
13.5,22.5,2.12,765.9,9,0,39.6
19.8,32.3,0.51,780.6,14,6,29.9
26.2,80.7,0.15,776.6,0,6,47.0
12.2,39.8,2.32,771.3,15,0,29.4
20.5,86.5,3.61,759.8,10,2,44.6
20.6,60.7,1.85,771.7,22,2,45.3
22.7,50.6,0.64,778.5,19,4,51.9
10.6,60.6,2.75,767.0,5,4,29.8
22.3,56.2,0.21,780.8,23,1,38.9
26.2,73.1,1.46,780.3,21,3,59.6
11.6,39.8,0.45,783.3,15,0,39.5
12.8,44.7,0.51,772.4,1,6,54.3
27.4,82.6,0.57,774.7,0,0,52.8
11.6,86.3,1.22,781.3,23,4,49.3
25.1,82.5,0.13,773.6,23,4,47.4
17.8,49.4,1.27,766.0,8,1,49.4
12.9,74.6,1.79,766.4,21,3,45.0
25.4,53.3,1.65,771.9,11,1,33.5
16.9,54.8,1.21,759.7,16,6,35.1
18.3,34.3,4.57,768.9,14,3,13.7
15.2,61.4,0.39,778.8,18,5,38.9
19.9,33.0,1.76,752.5,21,0,44.4
11.3,43.2,0.16,782.3,9,1,46.5
15.8,79.9,0.18,779.0,11,4,56.0
27.4,34.5,2.13,766.3,13,1,17.5
13.2,25.0,2.09,774.3,8,5,45.8
21.1,24.8,5.26,770.0,12,1,16.5
14.5,85.9,2.04,779.8,2,0,49.2
23.5,55.5,8.03,777.9,20,5,11.4
10.6,48.7,0.12,758.8,13,4,31.7
27.4,76.8,0.26,774.7,20,4,50.2
17.1,78.5,0.11,768.4,9,2,60.2
12.7,43.3,0.51,770.7,15,5,36.0
9.5,68.6,1.95,764.2,6,2,50.9
11.4,74.0,2.59,784.0,3,2,35.3
18.4,65.8,0.12,778.3,19,0,47.1
14.7,30.6,7.3,764.1,22,1,7.3
24.6,81.3,4.62,759.3,10,4,30.8
16.6,57.7,0.88,766.9,15,4,38.0
13.0,39.8,0.2,773.5,19,1,66.3
20.3,49.8,0.47,771.9,3,4,47.8
22.1,22.6,0.34,780.0,21,1,45.6
11.3,29.0,0.33,776.3,21,5,43.2
11.4,73.6,1.83,777.8,22,0,45.1
8.7,20.0,0.71,772.6,16,0,42.2
22.7,49.2,1.11,758.9,12,6,33.0
21.3,56.6,11.39,768.4,10,0,5.0
17.5,23.8,2.88,778.5,2,1,15.1
24.9,88.1,7.44,769.6,8,6,24.2
24.1,35.8,0.38,774.0,5,1,39.1
19.7,41.3,1.2,767.5,21,3,36.4
25.4,41.3,2.02,761.8,20,6,30.6
12.1,36.1,0.2,769.0,10,4,50.8
10.2,20.1,0.01,772.5,15,4,45.7
13.4,71.1,2.77,764.8,18,3,45.9
9.1,87.7,2.57,768.1,4,3,45.9
18.6,35.7,1.32,762.5,13,0,39.3
26.7,66.4,1.68,779.0,16,3,36.5
8.8,71.9,1.34,767.6,2,1,46.3
10.4,79.4,0.06,781.6,3,2,39.3
17.0,49.6,1.02,782.2,15,1,37.6
26.7,41.2,0.49,769.4,15,6,29.3
14.3,42.8,0.26,761.9,20,3,58.7
18.1,69.9,7.85,753.3,3,4,15.5
8.8,77.2,2.29,758.2,18,1,40.0
11.0,32.7,3.26,759.0,16,4,34.2
27.7,46.0,0.95,781.0,12,1,42.2
27.3,83.1,1.25,770.9,21,4,44.3
8.1,76.5,0.68,773.1,22,5,48.3
27.0,88.9,0.25,752.2,23,1,29.4
20.8,72.8,0.49,760.4,0,6,21.4
25.4,47.5,3.99,777.1,11,4,20.6
17.1,61.3,2.83,772.3,3,2,34.4
18.3,66.3,1.98,768.8,10,6,48.8
17.8,25.5,1.61,774.5,4,0,27.0
21.3,58.1,6.39,783.1,1,1,12.7
10.8,69.7,0.19,768.2,16,2,49.5
8.6,31.7,0.82,770.6,7,0,49.1
14.2,74.6,1.08,771.5,5,1,43.2
22.1,60.9,3.81,789.1,20,2,34.5
12.0,86.7,12.0,753.2,8,2,23.8
21.5,23.0,0.69,775.5,12,6,37.7
27.4,38.6,5.18,769.1,10,5,20.0
9.9,62.1,4.44,774.5,15,2,39.8
21.5,40.8,0.64,764.7,15,5,36.0
16.9,70.0,1.27,769.6,1,3,47.6
25.4,73.1,1.32,775.7,9,6,41.3
11.5,27.2,9.57,794.9,11,4,5.0
21.9,56.0,0.5,776.5,7,6,44.3
24.8,55.6,4.01,763.2,10,0,32.1
26.9,45.8,1.02,766.6,9,4,48.0
21.7,85.3,3.28,766.4,12,4,36.4
17.9,77.9,1.36,755.6,16,5,49.6
20.4,68.8,2.16,767.4,6,4,47.9
25.4,70.0,4.47,775.9,23,2,23.3
19.4,52.3,4.08,759.8,2,5,20.6
8.6,84.5,5.03,778.4,19,4,49.8
26.6,68.6,0.15,773.9,12,5,43.0
21.8,71.0,2.94,764.1,18,3,49.9
21.5,80.3,0.38,768.9,6,5,44.2
12.3,39.2,1.34,782.8,8,1,48.6
21.2,76.5,1.99,775.9,18,2,42.1
15.9,33.7,1.29,770.1,12,0,34.2
21.0,44.2,1.83,768.1,21,1,32.0
10.1,43.5,12.0,770.6,7,1,10.4
21.2,88.5,0.36,765.9,21,1,52.7
28.0,80.0,2.81,753.2,17,4,45.1
9.0,69.1,1.26,786.3,22,5,30.5
27.5,70.9,0.36,771.2,1,5,30.7
16.1,59.3,0.43,773.2,17,6,47.9
25.4,86.3,7.45,769.5,17,4,22.1
23.6,54.7,5.29,764.1,10,2,28.0
19.3,46.6,5.94,768.5,0,4,25.3
22.8,31.4,11.93,757.2,13,4,5.0
25.6,75.0,0.58,788.2,15,4,38.9
16.1,71.4,1.1,760.1,10,2,44.0
14.5,46.9,2.77,761.7,0,6,14.5
21.4,21.8,1.65,766.5,6,2,39.0
24.2,78.7,1.35,780.3,15,3,37.6
23.2,20.8,1.11,770.1,13,6,23.0
24.0,69.3,2.25,760.1,14,3,28.8
16.7,87.9,2.14,780.0,13,3,40.7
24.4,50.6,0.44,775.8,20,3,42.9
10.4,36.4,1.6,774.3,10,5,40.6
18.9,69.3,2.02,775.7,15,1,40.8
8.1,77.2,2.11,789.2,18,1,48.8
14.5,58.3,0.59,787.5,16,3,43.4
15.3,87.7,3.39,764.5,5,3,39.6
15.9,23.6,0.06,783.0,10,0,47.1
21.9,55.3,1.1,773.1,16,1,48.1
15.8,70.3,3.79,774.0,8,0,48.2
17.0,80.4,2.07,756.5,17,6,45.1
12.8,32.5,0.76,768.6,16,0,44.3
15.5,76.0,2.97,763.5,11,4,30.4
12.5,58.7,2.09,776.6,22,5,31.3
9.5,47.8,3.98,778.6,21,6,29.1
20.1,29.2,3.32,753.4,21,2,35.0
21.4,80.6,2.35,769.8,4,1,49.3
20.4,31.0,1.67,779.0,10,3,37.5
17.3,41.7,0.36,768.5,3,6,35.5
15.6,40.3,0.76,775.8,3,3,44.1
25.3,81.0,1.36,772.8,2,2,39.4
