muestra,amplitud_mV
0,7.848
1,7.804
2,7.776
3,7.8
4,7.84
5,7.8
6,7.78
7,7.82
8,7.848
9,7.796
10,7.788
11,7.804
12,7.848
13,7.828
14,7.764
15,7.8
16,7.816
17,7.824
18,7.776
19,7.796
20,7.84
21,7.84
22,7.8
23,7.788
24,7.82
25,7.864
26,7.808
27,7.796
28,7.844
29,7.856
30,7.812
31,7.768
32,7.852
33,7.864
34,7.836
35,7.824
36,7.82
37,7.86
38,7.824
39,7.78
40,7.816
41,7.868
42,7.84
43,7.796
44,7.82
45,7.824
46,7.856
47,7.78
48,7.784
49,7.832
50,7.848
51,7.78
52,7.788
53,7.824
54,7.852
55,7.808
56,7.776
57,7.828
58,7.876
59,7.84
60,7.804
61,7.82
62,7.852
63,7.82
64,7.768
65,7.796
66,7.868
67,7.828
68,7.788
69,7.816
70,7.852
71,7.86
72,7.804
73,7.792
74,7.844
75,7.864
76,7.816
77,7.8
78,7.84
79,7.888
80,7.864
81,7.864
82,7.92
83,8.008
84,8.0
85,7.932
86,8.0
87,8.024
88,8.044
89,8.032
90,8.08
91,8.168
92,8.124
93,8.112
94,8.092
95,8.108
96,8.092
97,8.06
98,8.016
99,8.036
100,8.024
101,7.972
102,7.908
103,7.892
104,7.92
105,7.832
106,7.792
107,7.852
108,7.904
109,7.852
110,7.78
111,7.844
112,7.884
113,7.852
114,7.808
115,7.8
116,7.864
117,7.844
118,7.816
119,7.804
120,7.86
121,7.86
122,7.832
123,7.816
124,7.868
125,7.88
126,7.844
127,7.82
128,7.852
129,7.88
130,7.808
131,7.744
132,7.784
133,7.996
134,8.276
135,8.732
136,9.376
137,10.176
138,10.868
139,10.344
140,9.512
141,9.052
142,8.62
143,8.076
144,7.712
145,7.524
146,7.536
147,7.696
148,7.884
149,7.996
150,8.06
151,8.016
152,7.968
153,8.008
154,8.036
155,7.948
156,7.964
157,8.028
158,8.064
159,8.004
160,7.976
161,8.044
162,8.072
163,8.044
164,8.008
165,8.032
166,8.052
167,8.064
168,8.024
169,8.028
170,8.112
171,8.096
172,8.084
173,8.044
174,8.132
175,8.16
176,8.128
177,8.124
178,8.172
179,8.22
180,8.18
181,8.172
182,8.224
183,8.292
184,8.276
185,8.264
186,8.308
187,8.392
188,8.388
189,8.4
190,8.42
191,8.508
192,8.552
193,8.572
194,8.588
195,8.696
196,8.748
197,8.76
198,8.808
199,8.916
200,8.96
201,8.96
202,8.98
203,9.068
204,9.1
205,9.084
206,9.048
207,9.088
208,9.076
209,8.976
210,8.876
211,8.808
212,8.76
213,8.644
214,8.528
215,8.484
216,8.424
217,8.356
218,8.232
219,8.164
220,8.188
221,8.168
222,8.088
223,8.06
224,8.08
225,8.072
226,8.016
227,7.996
228,8.004
229,8.048
230,8.032
231,7.952
232,7.988
233,8.028
234,7.992
235,7.964
236,7.984
237,8.052
238,8.016
239,7.988
240,7.992
241,8.016
242,8.008
243,7.964
244,7.968
245,8.012
246,8.008
247,7.984
248,7.988
249,8.012
250,8.036
251,7.972
252,7.98
253,8.008
254,8.044
255,7.992
256,7.964
257,7.988
258,8.036
259,8.024
260,7.968
261,8.008
262,8.044
263,8.02
264,7.972
265,7.992
266,8.028
267,8.016
268,7.964
269,7.972
270,8.008
271,8.032
272,7.972
273,7.944
274,8.008
275,8.02
276,7.944
277,7.948
278,7.996
279,8.028
280,7.984
281,7.948
282,7.972
283,8.008
284,7.976
285,7.92
286,7.968
287,8.016
288,7.976
289,7.936
290,7.916
291,7.98
292,7.984
293,7.944
294,7.944
295,8.0
296,7.996
297,7.96
298,7.932
299,7.996
300,8.012
301,7.948
302,7.948
303,7.988
304,7.996
305,7.936
306,7.916
307,7.98
308,8.044
309,8.028
310,8.032
311,8.088
312,8.124
313,8.104
314,8.056
315,8.084
316,8.164
317,8.212
318,8.208
319,8.192
320,8.228
321,8.236
322,8.236
323,8.18
324,8.228
325,8.196
326,8.172
327,8.108
328,8.108
329,8.108
330,8.032
331,7.96
332,7.992
333,7.992
334,7.96
335,7.94
336,7.944
337,7.984
338,7.94
339,7.92
340,7.916
341,7.964
342,7.944
343,7.88
344,7.9
345,7.948
346,7.968
347,7.912
348,7.896
349,7.912
350,7.952
351,7.948
352,7.908
353,7.964
354,7.98
355,7.968
356,7.92
357,7.928
358,7.932
359,7.872
360,7.832
361,8.044
362,8.384
363,8.8
364,9.392
365,10.156
366,10.924
367,10.468
368,9.58
369,9.12
370,8.736
371,8.26
372,7.828
373,7.524
374,7.6
375,7.796
376,7.964
377,8.012
378,8.088
379,8.116
380,8.06
381,7.992
382,8.028
383,8.084
384,8.04
385,8.008
386,8.032
387,8.088
388,8.036
389,8.032
390,8.036
391,8.084
392,8.096
393,8.048
394,8.06
395,8.112
396,8.128
397,8.1
398,8.084
399,8.144
400,8.172
401,8.136
402,8.108
403,8.176
404,8.208
405,8.2
406,8.136
407,8.228
408,8.276
409,8.232
410,8.228
411,8.276
412,8.328
413,8.344
414,8.328
415,8.368
416,8.404
417,8.472
418,8.452
419,8.484
420,8.568
421,8.624
422,8.612
423,8.68
424,8.756
425,8.84
426,8.836
427,8.84
428,8.952
429,9.024
430,9.024
431,9.008
432,9.064
433,9.132
434,9.084
435,9.04
436,9.024
437,9.008
438,8.888
439,8.792
440,8.72
441,8.668
442,8.588
443,8.444
444,8.372
445,8.352
446,8.304
447,8.188
448,8.14
449,8.168
450,8.152
451,8.08
452,8.016
453,8.052
454,8.052
455,8.024
456,7.988
457,8.016
458,8.056
459,8.008
460,7.972
461,7.984
462,8.06
463,8.012
464,7.988
465,7.976
466,8.008
467,8.036
468,7.984
469,7.98
470,8.016
471,8.028
472,7.968
473,7.948
474,8.016
475,8.036
476,8.0
477,7.944
478,7.996
479,7.988
480,8.0
481,7.972
482,8.028
483,8.036
484,8.008
485,7.956
486,7.984
487,8.004
488,7.996
489,7.992
490,7.984
491,8.008
492,7.996
493,7.96
494,7.96
495,8.024
496,8.008
497,7.964
498,7.916
499,7.98
500,8.0
501,7.96
502,7.936
503,7.948
504,7.988
505,7.956
506,7.928
507,7.972
508,7.984
509,7.948
510,7.908
511,7.932
512,7.968
513,7.96
514,7.928
515,7.928
516,7.992
517,7.992
518,7.928
519,7.912
520,7.96
521,7.98
522,7.92
523,7.92
524,7.972
525,7.984
526,7.928
527,7.904
528,7.944
529,7.98
530,7.932
531,7.912
532,7.936
533,7.964
534,7.936
535,7.92
536,7.94
537,7.968
538,7.984
539,7.988
540,8.036
541,8.084
542,8.076
543,8.012
544,8.032
545,8.096
546,8.156
547,8.164
548,8.176
549,8.196
550,8.2
551,8.148
552,8.088
553,8.176
554,8.168
555,8.16
556,8.1
557,8.06
558,8.076
559,7.996
560,7.956
561,7.948
562,7.968
563,7.932
564,7.896
565,7.92
566,7.936
567,7.936
568,7.876
569,7.868
570,7.928
571,7.912
572,7.896
573,7.864
574,7.908
575,7.94
576,7.892
577,7.864
578,7.912
579,7.94
580,7.904
581,7.9
582,7.904
583,7.936
584,7.928
585,7.88
586,7.912
587,7.936
588,7.88
589,7.808
590,7.824
591,8.044
592,8.38
593,8.8
594,9.396
595,10.232
596,10.928
597,10.296
598,9.496
599,9.064
600,8.66
601,8.148
602,7.752
603,7.552
604,7.596
605,7.764
606,7.9
607,8.028
608,8.076
609,8.06
610,8.008
611,8.032
612,8.06
613,8.048
614,8.004
615,8.0
616,8.06
617,8.032
618,8.016
619,8.02
620,8.1
621,8.088
622,8.036
623,8.028
624,8.064
625,8.108
626,8.092
627,8.068
628,8.12
629,8.156
630,8.124
631,8.096
632,8.132
633,8.16
634,8.168
635,8.128
636,8.168
637,8.204
638,8.224
639,8.196
640,8.228
641,8.26
642,8.288
643,8.272
644,8.308
645,8.356
646,8.408
647,8.404
648,8.412
649,8.508
650,8.56
651,8.552
652,8.56
653,8.668
654,8.756
655,8.744
656,8.784
657,8.88
658,8.944
659,8.96
660,8.956
661,9.032
662,9.076
663,9.1
664,9.024
665,9.016
666,9.036
667,8.964
668,8.856
669,8.788
670,8.732
671,8.664
672,8.544
673,8.408
674,8.38
675,8.34
676,8.256
677,8.164
678,8.164
679,8.16
680,8.092
681,8.032
682,8.036
683,8.076
684,8.02
685,7.956
686,8.008
687,8.016
688,8.02
689,7.968
690,7.964
691,8.012
692,8.008
693,7.948
694,7.948
695,7.988
696,8.016
697,7.956
698,7.94
699,8.02
700,8.036
701,7.968
702,7.944
703,7.984
704,8.02
705,7.968
706,7.948
707,7.984
708,8.004
709,7.976
710,7.948
711,7.968
712,8.016
713,8.0
714,7.932
715,7.948
716,8.012
717,7.984
718,7.944
719,7.964
720,7.988
721,8.008
722,7.916
723,7.916
724,7.96
725,7.996
726,7.952
727,7.952
728,7.988
729,8.012
730,7.94
731,7.912
732,7.94
733,7.984
734,7.984
735,7.908
736,7.932
737,7.956
738,7.94
739,7.932
740,7.916
741,7.956
742,7.976
743,7.956
744,7.908
745,7.968
746,7.972
747,7.912
748,7.896
749,7.948
750,7.98
751,7.936
752,7.9
753,7.94
754,7.968
755,7.936
756,7.912
757,7.936
758,7.996
759,7.952
760,7.916
761,7.936
762,7.976
763,7.936
764,7.9
765,7.9
766,7.928
767,7.956
768,7.952
769,7.94
770,8.008
771,8.08
772,8.044
773,8.028
774,8.064
775,8.112
776,8.052
777,8.076
778,8.164
779,8.244
780,8.196
781,8.156
782,8.176
783,8.232
784,8.184
785,8.116
786,8.112
787,8.148
788,8.092
789,8.036
790,8.004
791,8.012
792,7.996
793,7.9
794,7.876
795,7.944
796,7.956
797,7.9
798,7.872
799,7.912
800,7.952
801,7.884
802,7.848
803,7.896
804,7.92
805,7.888
806,7.86
807,7.9
808,7.964
809,7.924
810,7.872
811,7.888
812,7.94
813,7.936
814,7.884
815,7.912
816,7.928
817,7.948
818,7.9
819,7.848
820,7.832
821,7.848
822,7.94
823,8.264
824,8.74
825,9.376
826,10.04
827,10.804
828,10.528
829,9.68
830,9.172
831,8.736
832,8.244
833,7.928
834,7.588
835,7.524
836,7.708
837,7.94
838,8.028
839,8.024
840,8.032
841,8.084
842,8.048
843,8.016
844,7.984
845,8.052
846,8.068
847,8.02
848,8.008
849,8.068
850,8.116
851,8.064
852,8.02
853,8.06
854,8.112
855,8.092
856,8.068
857,8.1
858,8.152
859,8.12
860,8.096
861,8.136
862,8.164
863,8.172
864,8.128
865,8.156
866,8.212
867,8.212
868,8.188
869,8.204
870,8.232
871,8.304
872,8.276
873,8.272
874,8.344
875,8.38
876,8.348
877,8.356
878,8.416
879,8.492
880,8.492
881,8.528
882,8.604
883,8.68
884,8.696
885,8.744
886,8.772
887,8.852
888,8.888
889,8.904
890,8.952
891,9.036
892,9.044
893,9.032
894,9.06
895,9.092
896,9.104
897,9.06
898,8.972
899,8.904
900,8.864
901,8.76
902,8.628
903,8.576
904,8.512
905,8.42
906,8.344
907,8.312
908,8.272
909,8.188
910,8.152
911,8.1
912,8.12
913,8.092
914,8.052
915,8.06
916,8.036
917,8.04
918,8.012
919,8.024
920,8.008
921,8.04
922,8.008
923,7.992
924,8.02
925,8.024
926,7.976
927,7.976
928,8.012
929,8.056
930,7.992
931,8.0
932,8.0
933,8.036
934,8.008
935,7.984
936,8.02
937,8.056
938,8.036
939,7.996
940,8.008
941,8.04
942,8.04
943,7.996
944,8.008
945,8.02
946,8.076
947,8.004
948,8.0
949,8.04
950,8.048
951,7.976
952,7.992
953,8.036
954,8.06
955,8.016
956,7.988
957,8.02
958,8.028
959,8.0
960,7.94
961,7.984
962,8.044
963,8.032
964,7.96
965,7.992
966,8.028
967,8.032
968,7.98
969,7.972
970,8.024
971,8.036
972,7.992
973,7.948
974,8.008
975,8.02
976,7.984
977,7.96
978,7.988
979,8.036
980,7.996
981,7.944
982,7.98
983,8.02
984,8.016
985,7.96
986,7.98
987,8.0
988,8.0
989,7.964
990,7.988
991,8.02
992,8.024
993,7.98
994,7.98
995,8.024
996,8.016
997,8.016
998,8.016
999,8.08
1000,8.128
1001,8.096
1002,8.084
1003,8.132
1004,8.156
1005,8.148
1006,8.124
1007,8.22
1008,8.292
1009,8.264
1010,8.248
1011,8.28
1012,8.28
1013,8.256
1014,8.196
1015,8.192
1016,8.204
1017,8.168
1018,8.12
1019,8.068
1020,8.08
1021,8.084
1022,8.012
1023,7.96
1024,7.984
1025,8.008
1026,7.972
1027,7.96
1028,7.988
1029,8.008
1030,7.952
1031,7.916
1032,7.96
1033,7.96
1034,7.964
1035,7.936
1036,7.956
1037,8.024
1038,7.972
1039,7.94
1040,7.956
1041,7.984
1042,7.98
1043,7.94
1044,7.984
1045,8.016
1046,7.992
1047,7.944
1048,7.924
1049,7.912
1050,7.928
1051,8.04
1052,8.38
1053,8.88
1054,9.508
1055,10.188
1056,10.928
1057,10.512
1058,9.676
1059,9.184
1060,8.768
1061,8.288
1062,7.944
1063,7.62
1064,7.584
1065,7.812
1066,8.036
1067,8.084
1068,8.096
1069,8.132
1070,8.132
1071,8.144
1072,8.06
1073,8.064
1074,8.104
1075,8.148
1076,8.068
1077,8.1
1078,8.14
1079,8.14
1080,8.132
1081,8.132
1082,8.144
1083,8.156
1084,8.132
1085,8.144
1086,8.136
1087,8.2
1088,8.14
1089,8.156
1090,8.18
1091,8.208
1092,8.176
1093,8.228
1094,8.212
1095,8.252
1096,8.228
1097,8.264
1098,8.252
1099,8.312
1100,8.296
1101,8.36
1102,8.328
1103,8.348
1104,8.396
1105,8.444
1106,8.432
1107,8.5
1108,8.536
1109,8.58
1110,8.58
1111,8.624
1112,8.72
1113,8.756
1114,8.784
1115,8.852
1116,8.928
1117,8.98
1118,8.968
1119,9.028
1120,9.1
1121,9.144
1122,9.112
1123,9.12
1124,9.16
1125,9.132
1126,9.084
1127,8.992
1128,8.964
1129,8.92
1130,8.808
1131,8.684
1132,8.6
1133,8.58
1134,8.488
1135,8.38
1136,8.328
1137,8.296
1138,8.236
1139,8.184
1140,8.156
1141,8.16
1142,8.14
1143,8.076
1144,8.06
1145,8.08
1146,8.08
1147,8.032
1148,8.028
1149,8.064
1150,8.096
1151,8.048
1152,8.012
1153,8.024
1154,8.052
1155,8.044
1156,8.02
1157,8.06
1158,8.052
1159,8.04
1160,7.992
1161,8.048
1162,8.072
1163,8.06
1164,8.008
1165,8.044
1166,8.052
1167,8.06
1168,8.016
1169,8.008
1170,8.056
1171,8.072
1172,8.036
1173,8.028
1174,8.056
1175,8.052
1176,8.02
1177,8.0
1178,8.02
1179,8.048
1180,8.004
1181,8.0
1182,8.028
1183,8.06
1184,8.04
1185,7.972
1186,7.996
1187,8.036
1188,8.016
1189,8.012
1190,8.028
1191,8.036
1192,8.036
1193,7.98
1194,7.988
1195,8.02
1196,8.0
1197,7.996
1198,7.952
1199,8.016
1200,8.036
1201,7.98
1202,7.948
1203,7.98
1204,8.032
1205,8.0
1206,7.984
1207,7.988
1208,8.028
1209,7.984
1210,7.948
1211,7.976
1212,7.988
1213,7.988
1214,7.996
1215,7.968
1216,8.004
1217,8.008
1218,7.968
1219,7.976
1220,8.056
1221,8.1
1222,8.052
1223,8.084
1224,8.1
1225,8.116
1226,8.084
1227,8.136
1228,8.204
1229,8.236
1230,8.24
1231,8.196
1232,8.244
1233,8.248
1234,8.22
1235,8.144
1236,8.184
1237,8.2
1238,8.152
1239,8.052
1240,8.016
1241,8.02
1242,8.028
1243,7.94
1244,7.908
1245,7.976
1246,7.976
1247,7.94
1248,7.912
1249,7.952
1250,7.956
1251,7.936
1252,7.868
1253,7.92
1254,7.924
1255,7.916
1256,7.912
1257,7.952
1258,7.94
1259,7.956
1260,7.888
1261,7.904
1262,7.944
1263,7.952
1264,7.916
1265,7.952
1266,7.988
1267,7.968
1268,7.9
1269,7.836
1270,7.848
1271,8.0
1272,8.26
1273,8.68
1274,9.34
1275,10.028
1276,10.744
1277,10.752
1278,9.736
1279,9.188
1280,8.752
1281,8.28
1282,7.992
1283,7.732
1284,7.572
1285,7.628
1286,7.824
1287,8.008
1288,8.044
1289,8.056
1290,8.056
1291,8.064
1292,8.084
1293,8.032
1294,8.02
1295,8.104
1296,8.084
1297,8.036
1298,8.048
1299,8.092
1300,8.096
1301,8.056
1302,8.008
1303,8.096
1304,8.124
1305,8.108
1306,8.012
1307,8.12
1308,8.16
1309,8.132
1310,8.048
1311,8.168
1312,8.2
1313,8.212
1314,8.132
1315,8.196
1316,8.24
1317,8.216
1318,8.16
1319,8.228
1320,8.284
1321,8.316
1322,8.236
1323,8.324
1324,8.364
1325,8.38
1326,8.324
1327,8.408
1328,8.484
1329,8.568
1330,8.508
1331,8.548
1332,8.652
1333,8.712
1334,8.72
1335,8.764
1336,8.848
1337,8.932
1338,8.912
1339,8.912
1340,9.02
1341,9.064
1342,9.052
1343,9.068
1344,9.092
1345,9.096
1346,9.04
1347,8.932
1348,8.872
1349,8.832
1350,8.736
1351,8.588
1352,8.524
1353,8.476
1354,8.404
1355,8.288
1356,8.212
1357,8.248
1358,8.192
1359,8.08
1360,8.052
1361,8.096
1362,8.072
1363,7.996
1364,7.988
1365,8.02
1366,8.012
1367,7.972
1368,7.932
1369,8.004
1370,8.004
1371,7.976
1372,7.936
1373,7.952
1374,7.98
1375,7.964
1376,7.916
1377,7.948
1378,7.984
1379,8.004
1380,7.904
1381,7.956
1382,7.976
1383,8.004
1384,7.892
1385,7.956
1386,8.0
1387,8.004
1388,7.924
1389,7.94
1390,7.952
1391,7.996
1392,7.916
1393,7.936
1394,7.96
1395,7.984
1396,7.952
1397,7.944
1398,7.956
1399,7.96
1400,7.96
1401,7.912
1402,7.948
1403,7.968
1404,7.972
1405,7.896
1406,7.944
1407,7.952
1408,7.964
1409,7.896
1410,7.912
1411,7.948
1412,7.952
1413,7.916
1414,7.908
1415,7.912
1416,7.924
1417,7.916
1418,7.92
1419,7.936
1420,7.924
1421,7.904
1422,7.856
1423,7.9
1424,7.924
1425,7.956
1426,7.892
1427,7.912
1428,7.924
1429,7.924
1430,7.86
1431,7.868
1432,7.928
1433,7.956
1434,7.864
1435,7.912
1436,7.92
1437,7.96
1438,7.932
1439,7.964
1440,8.008
1441,8.048
1442,7.992
1443,8.016
1444,7.992
1445,8.048
1446,8.144
1447,8.148
1448,8.128
1449,8.144
1450,8.192
1451,8.148
1452,8.124
1453,8.104
1454,8.128
1455,8.08
1456,8.04
1457,8.04
1458,8.016
1459,7.904
1460,7.912
1461,7.912
1462,7.892
1463,7.84
1464,7.848
1465,7.856
1466,7.844
1467,7.864
1468,7.86
1469,7.808
1470,7.86
1471,7.824
1472,7.844
1473,7.844
1474,7.852
1475,7.828
1476,7.832
1477,7.828
1478,7.836
1479,7.856
1480,7.844
1481,7.844
1482,7.888
1483,7.868
1484,7.872
1485,7.844
1486,7.856
1487,7.836
1488,7.756
1489,7.728
1490,7.884
1491,8.208
1492,8.628
1493,9.276
1494,9.968
1495,10.804
1496,10.684
1497,9.648
1498,9.016
1499,8.66
1500,8.188
1501,7.844
1502,7.528
1503,7.488
1504,7.612
1505,7.804
1506,7.904
1507,8.0
1508,8.008
1509,8.0
1510,7.956
1511,7.992
1512,7.996
1513,7.988
1514,7.968
1515,7.96
1516,8.016
1517,7.996
1518,7.996
1519,7.96
1520,8.02
1521,8.008
1522,8.004
1523,7.992
1524,8.032
1525,8.056
1526,8.044
1527,8.028
1528,8.044
1529,8.084
1530,8.08
1531,8.032
1532,8.092
1533,8.112
1534,8.112
1535,8.124
1536,8.152
1537,8.172
1538,8.2
1539,8.152
1540,8.188
1541,8.256
1542,8.248
1543,8.276
1544,8.304
1545,8.34
1546,8.388
1547,8.396
1548,8.4
1549,8.516
1550,8.532
1551,8.584
1552,8.616
1553,8.704
1554,8.768
1555,8.8
1556,8.812
1557,8.892
1558,8.972
1559,8.984
1560,8.984
1561,9.04
1562,9.044
1563,9.044
1564,9.0
1565,8.96
1566,8.948
1567,8.844
1568,8.748
1569,8.616
1570,8.564
1571,8.48
1572,8.392
1573,8.316
1574,8.28
1575,8.204
1576,8.128
1577,8.088
1578,8.068
1579,8.056
1580,8.016
1581,7.952
1582,7.96
1583,7.98
1584,7.952
1585,7.936
1586,7.924
1587,7.956
1588,7.932
1589,7.916
1590,7.932
1591,7.948
1592,7.948
1593,7.92
1594,7.9
1595,7.928
1596,7.924
1597,7.924
1598,7.888
1599,7.944
1600,7.908
1601,7.924
1602,7.892
1603,7.912
1604,7.912
1605,7.936
1606,7.924
1607,7.928
1608,7.948
1609,7.936
1610,7.916
1611,7.912
1612,7.94
1613,7.96
1614,7.92
1615,7.932
1616,7.924
1617,7.936
1618,7.904
1619,7.916
1620,7.948
1621,7.956
1622,7.928
1623,7.868
1624,7.924
1625,7.912
1626,7.916
1627,7.872
1628,7.936
1629,7.924
1630,7.948
1631,7.9
1632,7.888
1633,7.896
1634,7.924
1635,7.86
1636,7.912
1637,7.904
1638,7.92
1639,7.9
1640,7.876
1641,7.88
1642,7.928
1643,7.888
1644,7.868
1645,7.88
1646,7.912
1647,7.888
1648,7.844
1649,7.9
1650,7.9
1651,7.884
1652,7.824
1653,7.884
1654,7.876
1655,7.912
1656,7.864
1657,7.88
1658,7.88
1659,7.9
1660,7.888
1661,7.96
1662,7.984
1663,8.044
1664,8.004
1665,7.996
1666,7.996
1667,8.052
1668,8.048
1669,8.1
1670,8.168
1671,8.18
1672,8.112
1673,8.104
1674,8.14
1675,8.148
1676,8.108
1677,8.036
1678,8.072
1679,8.072
1680,8.0
1681,7.916
1682,7.916
1683,7.896
1684,7.88
1685,7.84
1686,7.864
1687,7.856
1688,7.888
1689,7.804
1690,7.812
1691,7.828
1692,7.86
1693,7.82
1694,7.808
1695,7.816
1696,7.86
1697,7.82
1698,7.784
1699,7.848
1700,7.872
1701,7.824
1702,7.788
1703,7.856
1704,7.86
1705,7.82
1706,7.816
1707,7.868
1708,7.868
1709,7.84
1710,7.788
1711,7.8
1712,7.796
1713,7.884
1714,8.108
1715,8.508
1716,9.152
1717,9.836
1718,10.644
1719,10.772
1720,9.78
1721,9.232
1722,8.772
1723,8.244
1724,7.904
1725,7.612
1726,7.436
1727,7.56
1728,7.808
1729,7.952
1730,7.956
1731,7.94
1732,7.98
1733,7.968
1734,7.948
1735,7.936
1736,7.964
1737,8.004
1738,8.0
1739,7.944
1740,7.932
1741,7.996
1742,8.012
1743,7.984
1744,7.964
1745,8.0
1746,8.028
1747,8.004
1748,7.984
1749,8.008
1750,8.06
1751,8.044
1752,8.028
1753,8.092
1754,8.092
1755,8.092
1756,8.056
1757,8.092
1758,8.112
1759,8.12
1760,8.124
1761,8.172
1762,8.176
1763,8.212
1764,8.192
1765,8.224
1766,8.272
1767,8.328
1768,8.316
1769,8.324
1770,8.416
1771,8.46
1772,8.468
1773,8.476
1774,8.592
1775,8.676
1776,8.668
1777,8.692
1778,8.764
1779,8.864
1780,8.876
1781,8.9
1782,8.976
1783,9.024
1784,9.016
1785,9.004
1786,9.028
1787,9.044
1788,9.004
1789,8.888
1790,8.808
1791,8.804
1792,8.712
1793,8.556
1794,8.472
1795,8.432
1796,8.368
1797,8.248
1798,8.176
1799,8.188
1800,8.152
1801,8.092
1802,8.032
1803,8.048
1804,8.056
1805,7.98
1806,7.948
1807,7.98
1808,7.992
1809,7.96
1810,7.928
1811,7.968
1812,7.948
1813,7.964
1814,7.908
1815,7.924
1816,7.976
1817,7.972
1818,7.904
1819,7.904
1820,7.968
1821,7.968
1822,7.92
1823,7.896
1824,7.952
1825,7.988
1826,7.936
1827,7.904
1828,7.936
1829,7.972
1830,7.948
1831,7.916
1832,7.944
1833,7.984
1834,7.96
1835,7.92
1836,7.944
1837,7.98
1838,7.968
1839,7.92
1840,7.944
1841,7.968
1842,7.98
1843,7.908
1844,7.904
1845,7.964
1846,7.96
1847,7.92
1848,7.892
1849,7.94
1850,7.984
1851,7.944
1852,7.924
1853,7.924
1854,7.932
1855,7.924
1856,7.896
1857,7.932
1858,7.968
1859,7.916
1860,7.892
1861,7.924
1862,7.936
1863,7.904
1864,7.88
1865,7.9
1866,7.976
1867,7.948
1868,7.924
1869,7.896
1870,7.908
1871,7.924
1872,7.928
1873,7.892
1874,7.932
1875,7.948
1876,7.932
1877,7.876
1878,7.92
1879,7.952
1880,7.908
1881,7.904
1882,7.928
1883,7.932
1884,7.924
1885,7.904
1886,7.928
1887,7.96
1888,7.912
1889,7.944
1890,7.936
1891,7.988
1892,8.052
1893,8.02
1894,8.036
1895,8.072
1896,8.064
1897,8.056
1898,8.076
1899,8.164
1900,8.22
1901,8.156
1902,8.128
1903,8.22
1904,8.208
1905,8.156
1906,8.132
1907,8.14
1908,8.164
1909,8.1
1910,8.044
1911,8.02
1912,7.996
1913,7.964
1914,7.924
1915,7.916
1916,7.936
1917,7.948
1918,7.892
1919,7.912
1920,7.964
1921,7.948
1922,7.9
1923,7.848
1924,7.912
1925,7.928
1926,7.908
1927,7.88
1928,7.888
1929,7.928
1930,7.912
1931,7.86
1932,7.92
1933,7.944
1934,7.924
1935,7.872
1936,7.896
1937,7.952
1938,7.908
1939,7.904
1940,7.896
1941,7.876
1942,7.884
1943,7.884
1944,8.068
1945,8.472
1946,8.976
1947,9.572
1948,10.356
1949,10.968
1950,10.2
1951,9.456
1952,9.016
1953,8.572
1954,8.152
1955,7.768
1956,7.512
1957,7.6
1958,7.892
1959,8.0
1960,8.036
1961,8.06
1962,8.08
1963,8.076
1964,8.028
1965,8.028
1966,8.084
1967,8.064
1968,8.032
1969,8.024
1970,8.056
1971,8.12
1972,8.048
1973,8.016
1974,8.072
1975,8.116
1976,8.056
1977,8.044
1978,8.1
1979,8.14
1980,8.116
1981,8.104
1982,8.136
1983,8.152
1984,8.136
1985,8.112
1986,8.14
1987,8.184
1988,8.196
1989,8.156
1990,8.184
1991,8.224
1992,8.228
1993,8.232
1994,8.22
1995,8.296
1996,8.336
1997,8.328
1998,8.332
1999,8.416
2000,8.46
2001,8.476
2002,8.484
2003,8.576
2004,8.636
2005,8.66
2006,8.676
2007,8.736
2008,8.832
2009,8.82
2010,8.892
2011,8.972
2012,9.012
2013,9.032
2014,9.036
2015,9.06
2016,9.112
2017,9.1
2018,9.02
2019,8.976
2020,8.964
2021,8.888
2022,8.728
2023,8.66
2024,8.62
2025,8.544
2026,8.412
2027,8.344
2028,8.316
2029,8.268
2030,8.16
2031,8.112
2032,8.136
2033,8.12
2034,8.06
2035,8.032
2036,8.044
2037,8.06
2038,8.044
2039,7.964
2040,8.012
2041,8.044
2042,8.04
2043,7.94
2044,7.976
2045,8.052
2046,8.052
2047,7.94
2048,7.992
2049,8.032
2050,8.044
2051,7.96
2052,7.952
2053,8.056
2054,8.04
2055,8.008
2056,7.928
2057,8.024
2058,8.06
2059,8.0
2060,7.976
2061,8.0
2062,8.032
2063,8.028
2064,7.984
2065,7.984
2066,8.068
2067,8.032
2068,7.98
2069,7.984
2070,8.052
2071,8.052
2072,7.988
2073,7.988
2074,8.028
2075,8.064
2076,8.028
2077,7.968
2078,8.06
2079,8.08
2080,8.04
2081,7.984
2082,8.036
2083,8.056
2084,8.04
2085,8.004
2086,8.016
2087,8.068
2088,8.044
2089,8.0
2090,8.016
2091,8.072
2092,8.072
2093,8.02
2094,8.0
2095,8.088
2096,8.088
2097,8.044
2098,7.988
2099,8.068
2100,8.104
2101,8.06
2102,8.028
2103,8.056
2104,8.112
2105,8.076
2106,8.036
2107,8.084
2108,8.104
2109,8.104
2110,8.056
2111,8.076
2112,8.1
2113,8.096
2114,8.084
2115,8.06
2116,8.124
2117,8.136
2118,8.08
2119,8.076
2120,8.132
2121,8.176
2122,8.12
2123,8.144
2124,8.232
2125,8.252
2126,8.232
2127,8.22
2128,8.284
2129,8.292
2130,8.308
2131,8.34
2132,8.404
2133,8.428
2134,8.404
2135,8.34
2136,8.372
2137,8.384
2138,8.384
2139,8.34
2140,8.316
2141,8.36
2142,8.324
2143,8.288
2144,8.236
2145,8.264
2146,8.244
2147,8.196
2148,8.176
2149,8.2
2150,8.188
2151,8.188
2152,8.16
2153,8.196
2154,8.204
2155,8.184
2156,8.164
2157,8.184
2158,8.18
2159,8.204
2160,8.204
2161,8.192
2162,8.22
2163,8.232
2164,8.184
2165,8.212
2166,8.24
2167,8.264
2168,8.228
2169,8.208
2170,8.272
2171,8.26
2172,8.228
2173,8.168
2174,8.164
2175,8.296
2176,8.5
2177,8.856
2178,9.452
2179,10.12
2180,10.944
2181,11.26
2182,10.316
2183,9.764
2184,9.392
2185,8.856
2186,8.42
2187,8.112
2188,7.968
2189,8.016
2190,8.244
2191,8.4
2192,8.5
2193,8.464
2194,8.452
2195,8.472
2196,8.472
2197,8.432
2198,8.452
2199,8.48
2200,8.504
2201,8.492
2202,8.472
2203,8.508
2204,8.564
2205,8.524
2206,8.5
2207,8.552
2208,8.58
2209,8.576
2210,8.544
2211,8.568
2212,8.612
2213,8.612
2214,8.568
2215,8.596
2216,8.644
2217,8.648
2218,8.64
2219,8.668
2220,8.692
2221,8.712
2222,8.7
2223,8.712
2224,8.792
2225,8.84
2226,8.812
2227,8.772
2228,8.864
2229,8.932
2230,8.916
2231,8.944
2232,9.012
2233,9.092
2234,9.1
2235,9.1
2236,9.172
2237,9.272
2238,9.3
2239,9.328
2240,9.38
2241,9.484
2242,9.532
2243,9.536
2244,9.572
2245,9.648
2246,9.696
2247,9.692
2248,9.656
2249,9.696
2250,9.68
2251,9.592
2252,9.52
2253,9.488
2254,9.432
2255,9.324
2256,9.208
2257,9.12
2258,9.064
2259,9.008
2260,8.9
2261,8.88
2262,8.864
2263,8.828
2264,8.784
2265,8.712
2266,8.736
2267,8.728
2268,8.7
2269,8.64
2270,8.72
2271,8.716
2272,8.692
2273,8.664
2274,8.712
2275,8.724
2276,8.684
2277,8.648
2278,8.716
2279,8.712
2280,8.68
2281,8.676
2282,8.704
2283,8.752
2284,8.736
2285,8.716
2286,8.704
2287,8.764
2288,8.756
2289,8.728
2290,8.736
2291,8.768
2292,8.756
2293,8.728
2294,8.724
2295,8.796
2296,8.804
2297,8.756
2298,8.74
2299,8.764
2300,8.784
2301,8.764
2302,8.744
2303,8.784
2304,8.812
2305,8.764
2306,8.744
2307,8.78
2308,8.836
2309,8.796
2310,8.768
2311,8.788
2312,8.804
2313,8.772
2314,8.768
2315,8.776
2316,8.816
2317,8.784
2318,8.776
2319,8.784
2320,8.776
2321,8.792
2322,8.8
2323,8.76
2324,8.796
2325,8.792
2326,8.8
2327,8.752
2328,8.792
2329,8.828
2330,8.812
2331,8.804
2332,8.788
2333,8.8
2334,8.76
2335,8.788
2336,8.784
2337,8.824
2338,8.784
2339,8.796
2340,8.796
2341,8.836
2342,8.788
2343,8.8
2344,8.772
2345,8.84
2346,8.832
2347,8.796
2348,8.776
2349,8.824
2350,8.852
2351,8.828
2352,8.844
2353,8.9
2354,8.952
2355,8.928
2356,8.92
2357,8.928
2358,8.976
2359,8.916
2360,9.004
2361,9.088
2362,9.132
2363,9.068
2364,9.064
2365,9.068
2366,9.084
2367,9.076
2368,9.036
2369,9.032
2370,9.06
2371,9.036
2372,8.94
2373,8.924
2374,8.908
2375,8.928
2376,8.848
2377,8.836
2378,8.856
2379,8.876
2380,8.816
2381,8.804
2382,8.848
2383,8.86
2384,8.828
2385,8.812
2386,8.824
2387,8.912
2388,8.86
2389,8.82
2390,8.832
2391,8.88
2392,8.872
2393,8.84
2394,8.836
2395,8.872
2396,8.908
2397,8.832
2398,8.86
2399,8.9
2400,8.896
2401,8.88
2402,8.832
2403,8.84
2404,8.832
2405,8.864
2406,9.12
2407,9.576
2408,10.176
2409,10.816
2410,11.668
2411,11.832
2412,10.876
2413,10.256
2414,9.832
2415,9.316
2416,8.984
2417,8.632
2418,8.516
2419,8.624
2420,8.9
2421,9.012
2422,9.044
2423,9.04
2424,9.056
2425,9.08
2426,9.016
2427,9.008
2428,9.048
2429,9.1
2430,9.036
2431,9.024
2432,9.048
2433,9.128
2434,9.088
2435,9.08
2436,9.056
2437,9.152
2438,9.104
2439,9.092
2440,9.096
2441,9.144
2442,9.144
2443,9.132
2444,9.116
2445,9.192
2446,9.18
2447,9.168
2448,9.136
2449,9.204
2450,9.236
2451,9.204
2452,9.212
2453,9.232
2454,9.308
2455,9.288
2456,9.264
2457,9.328
2458,9.412
2459,9.38
2460,9.384
2461,9.444
2462,9.5
2463,9.512
2464,9.552
2465,9.568
2466,9.668
2467,9.72
2468,9.756
2469,9.78
2470,9.872
2471,9.928
2472,9.948
2473,9.976
2474,10.056
2475,10.1
2476,10.092
2477,10.092
2478,10.12
2479,10.124
2480,10.072
2481,9.976
2482,9.948
2483,9.916
2484,9.784
2485,9.66
2486,9.592
2487,9.564
2488,9.452
2489,9.336
2490,9.26
2491,9.284
2492,9.248
2493,9.168
2494,9.088
2495,9.112
2496,9.104
2497,9.072
2498,9.012
2499,9.064
2500,9.064
2501,9.024
2502,8.984
2503,8.976
2504,9.028
2505,9.004
2506,8.964
2507,8.98
2508,9.044
2509,9.0
2510,8.968
2511,8.984
2512,9.024
2513,9.008
2514,8.98
2515,8.96
2516,9.024
2517,9.024
2518,8.98
2519,8.952
2520,8.992
2521,8.996
2522,8.96
2523,8.968
2524,9.016
2525,9.004
2526,9.0
2527,8.976
2528,8.984
2529,9.056
2530,9.008
2531,8.96
2532,9.012
2533,9.04
2534,9.012
2535,8.96
2536,8.968
2537,9.0
2538,9.008
2539,8.976
2540,8.976
2541,9.008
2542,9.016
2543,8.936
2544,8.924
2545,8.952
2546,8.968
2547,8.94
2548,8.924
2549,8.964
2550,8.992
2551,8.96
2552,8.908
2553,8.96
2554,8.98
2555,8.928
2556,8.912
2557,8.948
2558,8.972
2559,8.924
2560,8.872
2561,8.904
2562,8.948
2563,8.956
2564,8.904
2565,8.904
2566,8.936
2567,8.928
2568,8.896
2569,8.856
2570,8.916
2571,8.944
2572,8.912
2573,8.864
2574,8.904
2575,8.924
2576,8.904
2577,8.868
2578,8.896
2579,8.94
2580,8.884
2581,8.856
2582,8.892
2583,8.928
2584,8.892
2585,8.864
2586,8.86
2587,8.956
2588,8.936
2589,8.936
2590,8.944
2591,8.992
2592,8.992
2593,8.94
2594,8.96
2595,9.024
2596,9.128
2597,9.112
2598,9.08
2599,9.092
2600,9.108
2601,9.036
2602,9.028
2603,9.048
2604,9.048
2605,9.028
2606,8.984
2607,8.948
2608,8.944
2609,8.86
2610,8.82
2611,8.824
2612,8.852
2613,8.808
2614,8.8
2615,8.78
2616,8.812
2617,8.776
2618,8.764
2619,8.752
2620,8.792
2621,8.78
2622,8.752
2623,8.716
2624,8.76
2625,8.78
2626,8.756
2627,8.732
2628,8.76
2629,8.812
2630,8.744
2631,8.728
2632,8.74
2633,8.812
2634,8.748
2635,8.728
2636,8.716
2637,8.752
2638,8.684
2639,8.656
2640,8.796
2641,9.168
2642,9.636
2643,10.22
2644,10.94
2645,11.736
2646,11.264
2647,10.408
2648,9.88
2649,9.516
2650,9.012
2651,8.612
2652,8.328
2653,8.324
2654,8.592
2655,8.728
2656,8.792
2657,8.852
2658,8.904
2659,8.828
2660,8.756
2661,8.788
2662,8.832
2663,8.82
2664,8.792
2665,8.792
2666,8.82
2667,8.832
2668,8.784
2669,8.772
2670,8.824
2671,8.864
2672,8.86
2673,8.796
2674,8.82
2675,8.876
2676,8.796
2677,8.796
2678,8.848
2679,8.888
2680,8.88
2681,8.832
2682,8.852
2683,8.912
2684,8.88
2685,8.876
2686,8.912
2687,8.96
2688,8.96
2689,8.952
2690,8.94
2691,8.988
2692,9.02
2693,8.984
2694,9.012
2695,9.092
2696,9.136
2697,9.16
2698,9.144
2699,9.224
2700,9.288
2701,9.332
2702,9.372
2703,9.416
2704,9.492
2705,9.52
2706,9.528
2707,9.596
2708,9.668
2709,9.68
2710,9.688
2711,9.704
2712,9.796
2713,9.744
2714,9.684
2715,9.644
2716,9.624
2717,9.544
2718,9.432
2719,9.336
2720,9.312
2721,9.22
2722,9.056
2723,8.98
2724,8.956
2725,8.9
2726,8.812
2727,8.72
2728,8.708
2729,8.732
2730,8.656
2731,8.604
2732,8.64
2733,8.66
2734,8.604
2735,8.588
2736,8.572
2737,8.596
2738,8.572
2739,8.54
2740,8.544
2741,8.584
2742,8.568
2743,8.532
2744,8.492
2745,8.552
2746,8.572
2747,8.544
2748,8.476
2749,8.548
2750,8.552
2751,8.52
2752,8.524
2753,8.532
2754,8.54
2755,8.512
2756,8.46
2757,8.496
2758,8.528
2759,8.52
2760,8.476
2761,8.492
2762,8.536
2763,8.52
2764,8.468
2765,8.46
2766,8.496
2767,8.516
2768,8.472
2769,8.44
2770,8.484
2771,8.528
2772,8.428
2773,8.432
2774,8.476
2775,8.492
2776,8.464
2777,8.428
2778,8.44
2779,8.476
2780,8.452
2781,8.408
2782,8.396
2783,8.452
2784,8.452
2785,8.408
2786,8.396
2787,8.428
2788,8.416
2789,8.372
2790,8.388
2791,8.42
2792,8.412
2793,8.372
2794,8.352
2795,8.404
2796,8.42
2797,8.372
2798,8.336
2799,8.376
2800,8.38
2801,8.364
2802,8.324
2803,8.364
2804,8.404
2805,8.364
2806,8.316
2807,8.368
2808,8.408
2809,8.376
2810,8.324
2811,8.312
2812,8.364
2813,8.372
2814,8.312
2815,8.32
2816,8.364
2817,8.36
2818,8.312
2819,8.296
2820,8.328
2821,8.352
2822,8.296
2823,8.284
2824,8.324
2825,8.356
2826,8.38
2827,8.352
2828,8.384
2829,8.428
2830,8.42
2831,8.408
2832,8.392
2833,8.456
2834,8.504
2835,8.52
2836,8.512
2837,8.54
2838,8.528
2839,8.472
2840,8.44
2841,8.5
2842,8.468
2843,8.42
2844,8.404
2845,8.424
2846,8.38
2847,8.328
2848,8.264
2849,8.256
2850,8.3
2851,8.228
2852,8.208
2853,8.212
2854,8.24
2855,8.236
2856,8.176
2857,8.212
2858,8.24
2859,8.216
2860,8.164
2861,8.168
2862,8.244
2863,8.228
2864,8.172
2865,8.18
2866,8.208
2867,8.212
2868,8.188
2869,8.18
2870,8.204
2871,8.22
2872,8.188
2873,8.172
2874,8.2
2875,8.172
2876,8.112
2877,8.052
2878,8.212
2879,8.564
2880,8.952
2881,9.536
2882,10.268
2883,11.112
2884,10.848
2885,9.868
2886,9.412
2887,9.052
2888,8.556
2889,8.1
2890,7.796
2891,7.82
2892,8.004
2893,8.12
2894,8.176
2895,8.276
2896,8.332
2897,8.26
2898,8.216
2899,8.28
2900,8.276
2901,8.24
2902,8.2
2903,8.248
2904,8.296
2905,8.24
2906,8.224
2907,8.244
2908,8.284
2909,8.292
2910,8.252
2911,8.232
2912,8.288
2913,8.284
2914,8.264
2915,8.252
2916,8.316
2917,8.328
2918,8.28
2919,8.268
2920,8.324
2921,8.352
2922,8.336
2923,8.336
2924,8.356
2925,8.444
2926,8.372
2927,8.38
2928,8.416
2929,8.488
2930,8.448
2931,8.46
2932,8.5
2933,8.572
2934,8.6
2935,8.56
2936,8.6
2937,8.728
2938,8.736
2939,8.76
2940,8.792
2941,8.872
2942,8.94
2943,8.92
2944,8.956
2945,9.048
2946,9.116
2947,9.144
2948,9.136
2949,9.208
2950,9.24
2951,9.188
2952,9.148
2953,9.144
2954,9.144
2955,9.048
2956,8.92
2957,8.852
2958,8.788
2959,8.708
2960,8.564
2961,8.512
2962,8.48
2963,8.404
2964,8.308
2965,8.252
2966,8.248
2967,8.24
2968,8.14
2969,8.108
2970,8.14
2971,8.156
2972,8.092
2973,8.06
2974,8.088
2975,8.128
2976,8.064
2977,8.028
2978,8.088
2979,8.1
2980,8.052
2981,8.028
2982,8.052
2983,8.096
2984,8.076
2985,8.04
2986,8.012
2987,8.108
2988,8.096
2989,8.032
2990,8.044
2991,8.064
2992,8.1
2993,8.02
2994,7.996
2995,8.064
2996,8.104
2997,8.044
2998,8.004
2999,8.028
3000,8.092
3001,8.028
3002,8.012
3003,8.02
3004,8.076
3005,8.056
3006,8.0
3007,8.012
3008,8.068
3009,8.032
3010,8.004
3011,8.008
3012,8.044
3013,8.032
3014,8.0
3015,7.968
3016,8.028
3017,8.04
3018,8.0
3019,7.944
3020,8.0
3021,8.04
3022,7.964
3023,7.944
3024,7.976
3025,8.028
3026,7.96
3027,7.936
3028,7.96
3029,8.004
3030,7.948
3031,7.928
3032,7.932
3033,7.976
3034,7.968
3035,7.932
3036,7.952
3037,7.992
3038,7.992
3039,7.944
3040,7.896
3041,7.964
3042,7.964
3043,7.928
3044,7.9
3045,7.948
3046,7.984
3047,7.928
3048,7.884
3049,7.936
3050,7.964
3051,7.94
3052,7.92
3053,7.928
3054,7.968
3055,7.908
3056,7.9
3057,7.924
3058,7.964
3059,7.932
3060,7.9
3061,7.896
3062,7.964
3063,7.972
3064,7.912
3065,7.956
3066,7.988
3067,8.076
3068,8.0
3069,8.02
3070,8.072
3071,8.1
3072,8.06
3073,8.084
3074,8.164
3075,8.192
3076,8.144
3077,8.092
3078,8.116
3079,8.16
3080,8.12
3081,8.036
3082,8.064
3083,8.068
3084,8.024
3085,7.964
3086,7.94
3087,7.936
3088,7.932
3089,7.852
3090,7.852
3091,7.892
3092,7.896
3093,7.864
3094,7.84
3095,7.872
3096,7.92
3097,7.848
3098,7.808
3099,7.848
3100,7.892
3101,7.824
3102,7.848
3103,7.84
3104,7.892
3105,7.828
3106,7.816
3107,7.844
3108,7.868
3109,7.836
3110,7.812
3111,7.832
3112,7.876
3113,7.88
3114,7.792
3115,7.72
3116,7.764
3117,7.916
3118,8.152
3119,8.576
3120,9.212
3121,9.956
3122,10.688
3123,10.508
3124,9.584
3125,9.14
3126,8.688
3127,8.188
3128,7.836
3129,7.572
3130,7.476
3131,7.596
3132,7.804
3133,7.952
3134,7.972
3135,7.932
3136,7.96
3137,7.968
3138,7.968
3139,7.872
3140,7.912
3141,7.956
3142,8.0
3143,7.932
3144,7.924
3145,7.944
3146,7.96
3147,7.904
3148,7.916
3149,7.948
3150,8.0
3151,7.944
3152,7.936
3153,7.988
3154,8.004
3155,7.996
3156,7.972
3157,8.004
3158,8.036
3159,8.056
3160,7.968
3161,8.028
3162,8.08
3163,8.104
3164,8.04
3165,8.072
3166,8.128
3167,8.168
3168,8.116
3169,8.144
3170,8.188
3171,8.264
3172,8.212
3173,8.236
3174,8.32
3175,8.404
3176,8.416
3177,8.404
3178,8.468
3179,8.556
3180,8.568
3181,8.564
3182,8.636
3183,8.724
3184,8.804
3185,8.796
3186,8.824
3187,8.908
3188,8.952
3189,8.904
3190,8.912
3191,8.936
3192,8.916
3193,8.832
3194,8.732
3195,8.68
3196,8.664
3197,8.516
3198,8.38
3199,8.352
3200,8.304
3201,8.2
3202,8.068
3203,8.088
3204,8.052
3205,7.988
3206,7.92
3207,7.912
3208,7.94
3209,7.928
3210,7.844
3211,7.836
3212,7.868
3213,7.856
3214,7.812
3215,7.788
3216,7.844
3217,7.904
3218,7.832
3219,7.792
3220,7.836
3221,7.88
3222,7.812
3223,7.78
3224,7.84
3225,7.908
3226,7.86
3227,7.792
3228,7.816
3229,7.86
3230,7.852
3231,7.804
3232,7.804
3233,7.868
3234,7.844
3235,7.78
3236,7.792
3237,7.844
3238,7.856
3239,7.804
3240,7.812
3241,7.848
3242,7.872
3243,7.784
3244,7.772
3245,7.836
3246,7.876
3247,7.796
3248,7.78
3249,7.808
3250,7.844
3251,7.784
3252,7.772
3253,7.788
3254,7.8
3255,7.792
3256,7.752
3257,7.78
3258,7.816
3259,7.772
3260,7.732
3261,7.748
3262,7.784
3263,7.808
3264,7.748
3265,7.716
3266,7.764
3267,7.82
3268,7.764
3269,7.72
3270,7.764
3271,7.804
3272,7.716
3273,7.72
3274,7.736
3275,7.816
3276,7.744
3277,7.732
3278,7.74
3279,7.788
3280,7.772
3281,7.732
3282,7.756
3283,7.784
3284,7.76
3285,7.708
3286,7.728
3287,7.74
3288,7.776
3289,7.724
3290,7.672
3291,7.772
3292,7.796
3293,7.72
3294,7.704
3295,7.724
3296,7.804
3297,7.748
3298,7.716
3299,7.768
3300,7.848
3301,7.824
3302,7.812
3303,7.844
3304,7.904
3305,7.892
3306,7.852
3307,7.92
3308,8.012
3309,8.032
3310,7.98
3311,7.964
3312,7.992
3313,7.972
3314,7.94
3315,7.904
3316,7.936
3317,7.96
3318,7.86
3319,7.824
3320,7.836
3321,7.848
3322,7.736
3323,7.716
3324,7.716
3325,7.744
3326,7.732
3327,7.684
3328,7.708
3329,7.732
3330,7.736
3331,7.668
3332,7.676
3333,7.712
3334,7.724
3335,7.66
3336,7.656
3337,7.712
3338,7.74
3339,7.672
3340,7.664
3341,7.712
3342,7.752
3343,7.7
3344,7.668
3345,7.74
3346,7.776
3347,7.704
3348,7.636
3349,7.636
3350,7.628
3351,7.724
3352,7.928
3353,8.364
3354,9.04
3355,9.684
3356,10.468
3357,10.592
3358,9.652
3359,9.104
3360,8.676
3361,8.168
3362,7.844
3363,7.516
3364,7.332
3365,7.432
3366,7.668
3367,7.824
3368,7.82
3369,7.832
3370,7.82
3371,7.872
3372,7.808
3373,7.792
3374,7.824
3375,7.872
3376,7.804
3377,7.792
3378,7.828
3379,7.892
3380,7.828
3381,7.82
3382,7.828
3383,7.888
3384,7.888
3385,7.828
3386,7.86
3387,7.892
3388,7.916
3389,7.88
3390,7.868
3391,7.908
3392,7.96
3393,7.884
3394,7.904
3395,7.968
3396,8.008
3397,7.988
3398,7.948
3399,8.0
3400,8.052
3401,8.04
3402,7.996
3403,8.056
3404,8.12
3405,8.124
3406,8.132
3407,8.14
3408,8.224
3409,8.272
3410,8.244
3411,8.32
3412,8.412
3413,8.492
3414,8.48
3415,8.492
3416,8.604
3417,8.668
3418,8.664
3419,8.684
3420,8.78
3421,8.86
3422,8.844
3423,8.8
3424,8.84
3425,8.872
3426,8.812
3427,8.724
3428,8.704
3429,8.692
3430,8.58
3431,8.42
3432,8.344
3433,8.34
3434,8.256
3435,8.116
3436,8.06
3437,8.052
3438,8.024
3439,7.916
3440,7.852
3441,7.868
3442,7.916
3443,7.828
3444,7.764
3445,7.812
3446,7.844
3447,7.764
3448,7.74
3449,7.772
3450,7.808
3451,7.788
3452,7.76
3453,7.788
3454,7.82
3455,7.804
3456,7.716
3457,7.748
3458,7.804
3459,7.792
3460,7.752
3461,7.744
3462,7.828
3463,7.812
3464,7.776
3465,7.748
3466,7.804
3467,7.82
3468,7.776
3469,7.732
3470,7.792
3471,7.824
3472,7.76
3473,7.732
3474,7.788
3475,7.792
3476,7.8
3477,7.772
3478,7.784
3479,7.848
3480,7.784
3481,7.716
3482,7.764
3483,7.792
3484,7.8
3485,7.748
3486,7.752
3487,7.772
3488,7.768
3489,7.744
3490,7.728
3491,7.776
3492,7.816
3493,7.752
3494,7.732
3495,7.76
3496,7.8
3497,7.724
3498,7.7
3499,7.748
3500,7.784
3501,7.744
3502,7.696
3503,7.716
3504,7.756
3505,7.76
3506,7.704
3507,7.748
3508,7.768
3509,7.776
3510,7.724
3511,7.708
3512,7.756
3513,7.768
3514,7.708
3515,7.684
3516,7.724
3517,7.796
3518,7.732
3519,7.696
3520,7.76
3521,7.76
3522,7.716
3523,7.652
3524,7.728
3525,7.764
3526,7.768
3527,7.712
3528,7.732
3529,7.828
3530,7.808
3531,7.768
3532,7.82
3533,7.888
3534,7.9
3535,7.848
3536,7.884
3537,7.968
3538,8.024
3539,7.988
3540,7.976
3541,8.028
3542,8.044
3543,7.96
3544,7.94
3545,7.944
3546,7.996
3547,7.944
3548,7.852
3549,7.848
3550,7.864
3551,7.804
3552,7.708
3553,7.72
3554,7.768
3555,7.74
3556,7.7
3557,7.724
3558,7.776
3559,7.748
3560,7.688
3561,7.696
3562,7.728
3563,7.72
3564,7.652
3565,7.668
3566,7.744
3567,7.76
3568,7.708
3569,7.684
3570,7.72
3571,7.756
3572,7.756
3573,7.696
3574,7.716
3575,7.78
3576,7.728
3577,7.676
3578,7.688
3579,7.668
3580,7.64
3581,7.76
3582,8.08
3583,8.544
3584,9.152
3585,9.832
3586,10.616
3587,10.388
3588,9.528
3589,8.996
3590,8.6
3591,8.12
3592,7.772
3593,7.38
3594,7.324
3595,7.54
3596,7.74
3597,7.816
3598,7.824
3599,7.86
3600,7.912
3601,7.864
3602,7.792
3603,7.84
3604,7.864
3605,7.876
3606,7.824
3607,7.824
3608,7.916
3609,7.88
3610,7.844
3611,7.844
3612,7.88
3613,7.916
3614,7.876
3615,7.848
3616,7.936
3617,7.944
3618,7.896
3619,7.864
3620,7.932
3621,7.996
3622,7.964
3623,7.944
3624,7.972
3625,8.032
3626,7.984
3627,7.976
3628,8.02
3629,8.076
3630,8.08
3631,8.028
3632,8.084
3633,8.144
3634,8.168
3635,8.108
3636,8.18
3637,8.252
3638,8.304
3639,8.284
3640,8.3
3641,8.372
3642,8.44
3643,8.448
3644,8.484
3645,8.588
3646,8.672
3647,8.684
3648,8.68
3649,8.772
3650,8.836
3651,8.836
3652,8.844
3653,8.868
3654,8.94
3655,8.896
3656,8.812
3657,8.768
3658,8.732
3659,8.68
3660,8.524
3661,8.448
3662,8.396
3663,8.348
3664,8.212
3665,8.08
3666,8.096
3667,8.06
3668,7.984
3669,7.88
3670,7.888
3671,7.936
3672,7.888
3673,7.812
3674,7.832
3675,7.868
3676,7.828
3677,7.752
3678,7.804
3679,7.836
3680,7.828
3681,7.764
3682,7.768
3683,7.832
3684,7.832
3685,7.756
3686,7.756
3687,7.82
3688,7.832
3689,7.784
3690,7.748
3691,7.804
3692,7.832
3693,7.772
3694,7.736
3695,7.78
3696,7.82
3697,7.8
3698,7.756
3699,7.756
3700,7.816
3701,7.796
3702,7.748
3703,7.764
3704,7.816
3705,7.796
3706,7.744
3707,7.756
3708,7.788
3709,7.824
3710,7.756
3711,7.728
3712,7.796
3713,7.792
3714,7.744
3715,7.7
3716,7.78
3717,7.796
3718,7.732
3719,7.704
3720,7.74
3721,7.788
3722,7.724
3723,7.696
3724,7.72
3725,7.788
3726,7.748
3727,7.708
3728,7.724
3729,7.784
3730,7.768
3731,7.7
3732,7.716
3733,7.736
3734,7.772
3735,7.696
3736,7.708
3737,7.74
3738,7.784
3739,7.716
3740,7.68
3741,7.728
3742,7.784
3743,7.72
3744,7.708
3745,7.756
3746,7.796
3747,7.744
3748,7.684
3749,7.712
3750,7.728
3751,7.728
3752,7.708
3753,7.744
3754,7.82
3755,7.832
3756,7.828
3757,7.828
3758,7.888
3759,7.884
3760,7.848
3761,7.884
3762,7.976
3763,8.004
3764,7.944
3765,7.916
3766,7.992
3767,8.032
3768,7.948
3769,7.9
3770,7.928
3771,7.972
3772,7.9
3773,7.804
3774,7.784
3775,7.792
3776,7.76
3777,7.66
3778,7.704
3779,7.732
3780,7.684
3781,7.64
3782,7.648
3783,7.712
3784,7.696
3785,7.648
3786,7.644
3787,7.688
3788,7.704
3789,7.64
3790,7.6
3791,7.68
3792,7.688
3793,7.668
3794,7.608
3795,7.684
3796,7.688
3797,7.68
3798,7.632
3799,7.684
3800,7.692
3801,7.7
3802,7.616
3803,7.576
3804,7.576
3805,7.68
3806,7.928
3807,8.372
3808,9.028
3809,9.668
3810,10.456
3811,10.544
3812,9.544
3813,8.932
3814,8.492
3815,8.028
3816,7.736
3817,7.464
3818,7.328
3819,7.356
3820,7.572
3821,7.704
3822,7.764
3823,7.764
3824,7.784
3825,7.832
3826,7.792
3827,7.744
3828,7.768
3829,7.82
3830,7.784
3831,7.76
3832,7.78
3833,7.824
3834,7.828
3835,7.788
3836,7.792
3837,7.824
3838,7.832
3839,7.788
3840,7.792
3841,7.856
3842,7.908
3843,7.84
3844,7.816
3845,7.844
3846,7.904
3847,7.876
3848,7.844
3849,7.908
3850,7.956
3851,7.94
3852,7.912
3853,7.944
3854,8.008
3855,8.0
3856,7.996
3857,8.024
3858,8.076
3859,8.112
3860,8.088
3861,8.108
3862,8.188
3863,8.248
3864,8.224
3865,8.236
3866,8.364
3867,8.448
3868,8.444
3869,8.452
3870,8.528
3871,8.644
3872,8.628
3873,8.672
3874,8.724
3875,8.804
3876,8.784
3877,8.744
3878,8.792
3879,8.848
3880,8.776
3881,8.664
3882,8.64
3883,8.604
3884,8.516
3885,8.364
3886,8.284
3887,8.212
3888,8.164
3889,8.044
3890,7.98
3891,7.972
3892,7.96
3893,7.848
3894,7.8
3895,7.804
3896,7.836
3897,7.772
3898,7.7
3899,7.724
3900,7.776
3901,7.752
3902,7.672
3903,7.688
3904,7.736
3905,7.708
3906,7.66
3907,7.696
3908,7.736
3909,7.744
3910,7.664
3911,7.64
3912,7.708
3913,7.736
3914,7.7
3915,7.636
3916,7.7
3917,7.756
3918,7.712
3919,7.628
3920,7.704
3921,7.736
3922,7.72
3923,7.668
3924,7.688
3925,7.724
3926,7.708
3927,7.652
3928,7.68
3929,7.736
3930,7.716
3931,7.672
3932,7.64
3933,7.736
3934,7.704
3935,7.66
3936,7.636
3937,7.724
3938,7.716
3939,7.676
3940,7.636
3941,7.7
3942,7.72
3943,7.66
3944,7.628
3945,7.664
3946,7.696
3947,7.664
3948,7.608
3949,7.66
3950,7.676
3951,7.652
3952,7.624
3953,7.632
3954,7.696
3955,7.644
3956,7.608
3957,7.628
3958,7.66
3959,7.668
3960,7.6
3961,7.588
3962,7.656
3963,7.656
3964,7.6
3965,7.572
3966,7.648
3967,7.68
3968,7.664
3969,7.684
3970,7.748
3971,7.788
3972,7.772
3973,7.724
3974,7.752
3975,7.844
3976,7.888
3977,7.868
3978,7.888
3979,7.916
3980,7.892
3981,7.868
3982,7.888
3983,7.884
3984,7.876
3985,7.796
3986,7.772
3987,7.768
3988,7.744
3989,7.672
3990,7.612
3991,7.648
3992,7.648
3993,7.596
3994,7.58
3995,7.604
3996,7.656
3997,7.608
3998,7.568
3999,7.572
4000,7.64
4001,7.588
4002,7.548
4003,7.564
4004,7.636
4005,7.6
4006,7.54
4007,7.564
4008,7.624
4009,7.616
4010,7.584
4011,7.572
4012,7.6
4013,7.624
4014,7.6
4015,7.572
4016,7.584
4017,7.548
4018,7.46
4019,7.5
4020,7.8
4021,8.228
4022,8.804
4023,9.416
4024,10.204
4025,10.7
4026,9.728
4027,8.864
4028,8.444
4029,8.12
4030,7.812
4031,7.46
4032,7.26
4033,7.312
4034,7.484
4035,7.592
4036,7.632
4037,7.756
4038,7.764
4039,7.692
4040,7.656
4041,7.724
4042,7.736
4043,7.728
4044,7.68
4045,7.728
4046,7.772
4047,7.764
4048,7.72
4049,7.752
4050,7.796
4051,7.784
4052,7.744
4053,7.74
4054,7.832
4055,7.816
4056,7.78
4057,7.784
4058,7.84
4059,7.852
4060,7.784
4061,7.796
4062,7.86
4063,7.9
4064,7.884
4065,7.852
4066,7.896
4067,7.952
4068,7.936
4069,7.912
4070,7.964
4071,8.056
4072,8.044
4073,8.012
4074,8.076
4075,8.132
4076,8.164
4077,8.148
4078,8.224
4079,8.328
4080,8.356
4081,8.348
4082,8.412
4083,8.508
4084,8.56
4085,8.56
4086,8.612
4087,8.66
4088,8.712
4089,8.724
4090,8.728
4091,8.776
4092,8.844
4093,8.784
4094,8.724
4095,8.704
4096,8.648
4097,8.552
4098,8.404
4099,8.344
4100,8.324
4101,8.2
4102,8.044
4103,8.008
4104,7.98
4105,7.908
4106,7.816
4107,7.788
4108,7.824
4109,7.812
4110,7.736
4111,7.692
4112,7.74
4113,7.748
4114,7.688
4115,7.64
4116,7.68
4117,7.716
4118,7.648
4119,7.624
4120,7.684
4121,7.748
4122,7.672
4123,7.592
4124,7.644
4125,7.704
4126,7.688
4127,7.644
4128,7.672
4129,7.704
4130,7.68
4131,7.66
4132,7.632
4133,7.68
4134,7.748
4135,7.66
4136,7.636
4137,7.7
4138,7.692
4139,7.636
4140,7.644
4141,7.676
4142,7.688
4143,7.664
4144,7.644
4145,7.668
4146,7.704
4147,7.66
4148,7.616
4149,7.632
4150,7.664
4151,7.668
4152,7.612
4153,7.616
4154,7.672
4155,7.668
4156,7.608
4157,7.624
4158,7.612
4159,7.652
4160,7.612
4161,7.572
4162,7.616
4163,7.64
4164,7.62
4165,7.592
4166,7.608
4167,7.672
4168,7.596
4169,7.58
4170,7.612
4171,7.664
4172,7.604
4173,7.552
4174,7.588
4175,7.656
4176,7.624
4177,7.604
4178,7.596
4179,7.64
4180,7.636
4181,7.612
4182,7.652
4183,7.748
4184,7.76
4185,7.712
4186,7.676
4187,7.756
4188,7.784
4189,7.78
4190,7.804
4191,7.872
4192,7.924
4193,7.896
4194,7.856
4195,7.864
4196,7.924
4197,7.84
4198,7.76
4199,7.812
4200,7.816
4201,7.752
4202,7.664
4203,7.64
4204,7.636
4205,7.64
4206,7.584
4207,7.548
4208,7.616
4209,7.62
4210,7.556
4211,7.528
4212,7.604
4213,7.624
4214,7.548
4215,7.532
4216,7.568
4217,7.604
4218,7.564
4219,7.548
4220,7.588
4221,7.632
4222,7.58
4223,7.54
4224,7.56
4225,7.616
4226,7.596
4227,7.576
4228,7.576
4229,7.608
4230,7.596
4231,7.508
4232,7.488
4233,7.52
4234,7.668
4235,7.956
4236,8.368
4237,9.084
4238,9.816
4239,10.552
4240,10.276
4241,9.248
4242,8.632
4243,8.196
4244,7.86
4245,7.596
4246,7.336
4247,7.228
4248,7.356
4249,7.536
4250,7.656
4251,7.708
4252,7.68
4253,7.68
4254,7.728
4255,7.732
4256,7.708
4257,7.708
4258,7.748
4259,7.732
4260,7.684
4261,7.688
4262,7.744
4263,7.744
4264,7.744
4265,7.672
4266,7.768
4267,7.792
4268,7.744
4269,7.74
4270,7.776
4271,7.82
4272,7.796
4273,7.732
4274,7.76
4275,7.856
4276,7.848
4277,7.8
4278,7.828
4279,7.852
4280,7.864
4281,7.824
4282,7.88
4283,7.948
4284,7.968
4285,7.936
4286,7.944
4287,8.028
4288,8.064
4289,8.08
4290,8.108
4291,8.16
4292,8.244
4293,8.232
4294,8.252
4295,8.296
4296,8.416
4297,8.468
4298,8.456
4299,8.516
4300,8.6
4301,8.644
4302,8.64
4303,8.692
4304,8.78
4305,8.78
4306,8.776
4307,8.756
4308,8.784
4309,8.72
4310,8.644
4311,8.532
4312,8.504
4313,8.42
4314,8.288
4315,8.18
4316,8.12
4317,8.108
4318,7.976
4319,7.88
4320,7.864
4321,7.86
4322,7.784
4323,7.752
4324,7.744
4325,7.74
4326,7.688
4327,7.656
4328,7.624
4329,7.688
4330,7.692
4331,7.652
4332,7.636
4333,7.68
4334,7.688
4335,7.636
4336,7.636
4337,7.656
4338,7.676
4339,7.656
4340,7.6
4341,7.636
4342,7.704
4343,7.652
4344,7.624
4345,7.624
4346,7.7
4347,7.696
4348,7.62
4349,7.624
4350,7.664
4351,7.668
4352,7.628
4353,7.64
4354,7.68
4355,7.688
4356,7.62
4357,7.636
4358,7.684
4359,7.68
4360,7.648
4361,7.624
4362,7.648
4363,7.672
4364,7.632
4365,7.604
4366,7.628
4367,7.66
4368,7.62
4369,7.552
4370,7.636
4371,7.692
4372,7.652
4373,7.608
4374,7.624
4375,7.672
4376,7.628
4377,7.584
4378,7.604
4379,7.652
4380,7.612
4381,7.576
4382,7.58
4383,7.636
4384,7.628
4385,7.596
4386,7.596
4387,7.628
4388,7.648
4389,7.592
4390,7.564
4391,7.592
4392,7.652
4393,7.608
4394,7.568
4395,7.596
4396,7.704
4397,7.688
4398,7.708
4399,7.72
4400,7.748
4401,7.72
4402,7.668
4403,7.748
4404,7.868
4405,7.912
4406,7.852
4407,7.836
4408,7.904
4409,7.904
4410,7.864
4411,7.78
4412,7.816
4413,7.864
4414,7.796
4415,7.712
4416,7.728
4417,7.68
4418,7.636
4419,7.58
4420,7.608
4421,7.628
4422,7.588
4423,7.536
4424,7.552
4425,7.58
4426,7.532
4427,7.552
4428,7.572
4429,7.612
4430,7.576
4431,7.556
4432,7.532
4433,7.58
4434,7.612
4435,7.552
4436,7.532
4437,7.572
4438,7.608
4439,7.56
4440,7.556
4441,7.552
4442,7.62
4443,7.6
4444,7.564
4445,7.568
4446,7.556
4447,7.504
4448,7.452
4449,7.64
4450,8.028
4451,8.484
4452,9.148
4453,9.856
4454,10.692
4455,10.368
4456,9.216
4457,8.604
4458,8.224
4459,7.876
4460,7.524
4461,7.256
4462,7.244
4463,7.428
4464,7.552
4465,7.608
4466,7.7
4467,7.776
4468,7.716
4469,7.644
4470,7.7
4471,7.74
4472,7.732
4473,7.668
4474,7.724
4475,7.728
4476,7.704
4477,7.704
4478,7.692
4479,7.732
4480,7.796
4481,7.748
4482,7.736
4483,7.792
4484,7.82
4485,7.748
4486,7.748
4487,7.8
4488,7.856
4489,7.824
4490,7.808
4491,7.848
4492,7.872
4493,7.86
4494,7.864
4495,7.884
4496,7.944
4497,7.932
4498,7.932
4499,7.944
4500,8.0
4501,8.024
4502,8.008
4503,8.04
4504,8.104
4505,8.192
4506,8.148
4507,8.176
4508,8.292
4509,8.356
4510,8.364
4511,8.388
4512,8.472
4513,8.564
4514,8.564
4515,8.592
4516,8.688
4517,8.768
4518,8.756
4519,8.752
4520,8.812
4521,8.876
4522,8.82
4523,8.764
4524,8.716
4525,8.692
4526,8.648
4527,8.492
4528,8.392
4529,8.34
4530,8.26
4531,8.144
4532,8.04
4533,8.016
4534,7.984
4535,7.86
4536,7.82
4537,7.816
4538,7.812
4539,7.736
4540,7.696
4541,7.748
4542,7.756
4543,7.716
4544,7.64
4545,7.672
4546,7.72
4547,7.676
4548,7.632
4549,7.668
4550,7.68
4551,7.676
4552,7.632
4553,7.632
4554,7.696
4555,7.68
4556,7.664
4557,7.628
4558,7.696
4559,7.72
4560,7.644
4561,7.632
4562,7.668
4563,7.704
4564,7.688
4565,7.66
4566,7.68
4567,7.724
4568,7.676
4569,7.652
4570,7.652
4571,7.728
4572,7.68
4573,7.656
4574,7.676
4575,7.704
4576,7.696
4577,7.648
4578,7.624
4579,7.676
4580,7.672
4581,7.636
4582,7.64
4583,7.696
4584,7.712
4585,7.668
4586,7.636
4587,7.644
4588,7.704
4589,7.648
4590,7.616
4591,7.652
4592,7.712
4593,7.648
4594,7.628
4595,7.636
4596,7.692
4597,7.652
4598,7.628
4599,7.656
4600,7.712
4601,7.652
4602,7.612
4603,7.644
4604,7.668
4605,7.664
4606,7.652
4607,7.616
4608,7.656
4609,7.676
4610,7.628
4611,7.608
4612,7.652
4613,7.668
4614,7.68
4615,7.628
4616,7.676
4617,7.74
4618,7.724
4619,7.736
4620,7.744
4621,7.804
4622,7.788
4623,7.764
4624,7.836
4625,7.932
4626,7.932
4627,7.84
4628,7.888
4629,7.952
4630,7.952
4631,7.896
4632,7.828
4633,7.884
4634,7.852
4635,7.8
4636,7.768
4637,7.72
4638,7.736
4639,7.672
4640,7.612
4641,7.668
4642,7.676
4643,7.648
4644,7.604
4645,7.628
4646,7.652
4647,7.636
4648,7.6
4649,7.588
4650,7.64
4651,7.644
4652,7.604
4653,7.62
4654,7.632
4655,7.66
4656,7.604
4657,7.576
4658,7.628
4659,7.648
4660,7.6
4661,7.6
4662,7.628
4663,7.708
4664,7.66
4665,7.612
4666,7.624
4667,7.612
4668,7.548
4669,7.572
4670,7.916
4671,8.332
4672,8.924
4673,9.612
4674,10.476
4675,10.868
4676,9.792
4677,8.98
4678,8.508
4679,8.084
4680,7.736
4681,7.396
4682,7.248
4683,7.4
4684,7.596
4685,7.692
4686,7.748
4687,7.82
4688,7.84
4689,7.78
4690,7.736
4691,7.792
4692,7.828
4693,7.764
4694,7.78
4695,7.8
4696,7.852
4697,7.84
4698,7.792
4699,7.816
4700,7.856
4701,7.848
4702,7.828
4703,7.84
4704,7.852
4705,7.888
4706,7.824
4707,7.864
4708,7.892
4709,7.916
4710,7.884
4711,7.872
4712,7.928
4713,7.948
4714,7.96
4715,7.936
4716,8.008
4717,8.032
4718,8.008
4719,8.016
4720,8.056
4721,8.108
4722,8.128
4723,8.108
4724,8.16
4725,8.244
4726,8.276
4727,8.248
4728,8.32
4729,8.42
4730,8.46
4731,8.452
4732,8.476
4733,8.58
4734,8.664
4735,8.672
4736,8.716
4737,8.808
4738,8.884
4739,8.824
4740,8.844
4741,8.884
4742,8.936
4743,8.884
4744,8.816
4745,8.816
4746,8.788
4747,8.676
4748,8.548
4749,8.452
4750,8.4
4751,8.3
4752,8.192
4753,8.116
4754,8.104
4755,8.04
4756,7.956
4757,7.904
4758,7.896
4759,7.884
4760,7.852
4761,7.804
4762,7.832
4763,7.832
4764,7.772
4765,7.732
4766,7.788
4767,7.804
4768,7.772
4769,7.76
4770,7.776
4771,7.804
4772,7.784
4773,7.764
4774,7.768
4775,7.792
4776,7.784
4777,7.76
4778,7.788
4779,7.82
4780,7.836
4781,7.744
4782,7.76
4783,7.796
4784,7.804
4785,7.78
4786,7.776
4787,7.776
4788,7.792
4789,7.78
4790,7.728
4791,7.768
4792,7.832
4793,7.756
4794,7.752
4795,7.76
4796,7.812
4797,7.796
4798,7.764
4799,7.764
4800,7.828
4801,7.796
4802,7.784
4803,7.732
4804,7.788
4805,7.776
4806,7.752
4807,7.76
4808,7.804
4809,7.8
4810,7.784
4811,7.764
4812,7.78
4813,7.792
4814,7.736
4815,7.724
4816,7.772
4817,7.804
4818,7.768
4819,7.752
4820,7.76
4821,7.78
4822,7.756
4823,7.7
4824,7.744
4825,7.776
4826,7.784
4827,7.748
4828,7.728
4829,7.776
4830,7.764
4831,7.736
4832,7.748
4833,7.792
4834,7.8
4835,7.744
4836,7.724
4837,7.748
4838,7.776
4839,7.748
4840,7.7
4841,7.748
4842,7.792
4843,7.78
4844,7.724
4845,7.776
4846,7.844
4847,7.868
4848,7.852
4849,7.868
4850,7.912
4851,7.924
4852,7.884
4853,7.944
4854,8.024
4855,8.06
4856,8.02
4857,7.996
4858,8.056
4859,8.056
4860,8.052
4861,7.996
4862,7.988
4863,8.0
4864,7.912
4865,7.872
4866,7.872
4867,7.864
4868,7.816
4869,7.736
4870,7.768
4871,7.772
4872,7.788
4873,7.736
4874,7.776
4875,7.78
4876,7.776
4877,7.752
4878,7.712
4879,7.764
4880,7.756
4881,7.74
4882,7.74
4883,7.768
4884,7.792
4885,7.728
4886,7.736
4887,7.756
4888,7.764
4889,7.748
4890,7.744
4891,7.768
4892,7.82
4893,7.776
4894,7.716
4895,7.732
4896,7.732
4897,7.672
4898,7.74
4899,7.988
4900,8.448
4901,8.996
4902,9.652
4903,10.536
4904,10.92
4905,9.968
4906,9.236
4907,8.756
4908,8.296
4909,7.888
4910,7.52
4911,7.336
4912,7.508
4913,7.768
4914,7.86
4915,7.884
4916,7.912
4917,7.964
4918,7.9
4919,7.876
4920,7.892
4921,7.936
4922,7.916
4923,7.912
4924,7.928
4925,7.948
4926,7.928
4927,7.904
4928,7.94
4929,7.964
4930,7.964
4931,7.948
4932,7.944
4933,8.0
4934,8.008
4935,7.98
4936,7.968
4937,8.004
4938,8.056
4939,8.024
4940,8.036
4941,8.056
4942,8.112
4943,8.068
4944,8.032
4945,8.076
4946,8.124
4947,8.128
4948,8.132
4949,8.16
4950,8.22
4951,8.24
4952,8.212
4953,8.276
4954,8.352
4955,8.372
4956,8.376
4957,8.408
4958,8.488
4959,8.556
4960,8.548
4961,8.592
4962,8.696
4963,8.776
4964,8.78
4965,8.788
4966,8.868
4967,8.944
4968,8.94
4969,8.952
4970,8.984
4971,9.028
4972,8.96
4973,8.944
4974,8.896
4975,8.884
4976,8.772
4977,8.656
4978,8.572
4979,8.528
4980,8.432
4981,8.3
4982,8.236
4983,8.192
4984,8.176
4985,8.096
4986,8.028
4987,8.02
4988,8.02
4989,7.976
4990,7.92
4991,7.92
4992,7.948
4993,7.912
4994,7.86
4995,7.9
4996,7.924
4997,7.916
4998,7.888
4999,7.88
5000,7.904
5001,7.9
5002,7.892
5003,7.884
5004,7.9
5005,7.932
5006,7.904
5007,7.868
5008,7.908
5009,7.904
5010,7.88
5011,7.856
5012,7.912
5013,7.968
5014,7.928
5015,7.868
5016,7.888
5017,7.92
5018,7.912
5019,7.856
5020,7.884
5021,7.912
5022,7.928
5023,7.876
5024,7.884
5025,7.924
5026,7.904
5027,7.868
5028,7.876
5029,7.92
5030,7.924
5031,7.88
5032,7.856
5033,7.892
5034,7.912
5035,7.876
5036,7.84
5037,7.912
5038,7.924
5039,7.888
5040,7.844
5041,7.9
5042,7.924
5043,7.876
5044,7.808
5045,7.892
5046,7.908
5047,7.876
5048,7.832
5049,7.868
5050,7.896
5051,7.872
5052,7.832
5053,7.86
5054,7.908
5055,7.908
5056,7.872
5057,7.836
5058,7.9
5059,7.896
5060,7.868
5061,7.82
5062,7.876
5063,7.916
5064,7.884
5065,7.804
5066,7.876
5067,7.924
5068,7.884
5069,7.828
5070,7.856
5071,7.912
5072,7.884
5073,7.848
5074,7.868
5075,7.92
5076,7.92
5077,7.88
5078,7.912
5079,8.024
5080,8.044
5081,7.992
5082,7.96
5083,8.032
5084,8.056
5085,8.06
5086,8.084
5087,8.152
5088,8.188
5089,8.12
5090,8.084
5091,8.124
5092,8.132
5093,8.092
5094,8.048
5095,8.068
5096,8.068
5097,8.036
5098,7.932
5099,7.92
5100,7.936
5101,7.896
5102,7.852
5103,7.852
5104,7.868
5105,7.864
5106,7.86
5107,7.824
5108,7.872
5109,7.9
5110,7.844
5111,7.8
5112,7.884
5113,7.848
5114,7.864
5115,7.796
5116,7.848
5117,7.896
5118,7.872
5119,7.824
5120,7.86
5121,7.904
5122,7.88
5123,7.836
5124,7.884
5125,7.916
5126,7.876
5127,7.824
5128,7.8
5129,7.828
5130,7.984
5131,8.26
5132,8.712
5133,9.392
5134,10.16
5135,10.872
5136,10.444
5137,9.588
5138,9.136
5139,8.664
5140,8.124
5141,7.796
5142,7.528
5143,7.544
5144,7.736
5145,7.932
5146,8.02
5147,8.052
5148,8.02
5149,8.004
5150,8.052
5151,8.02
5152,8.02
5153,7.996
5154,8.04
5155,8.04
5156,8.012
5157,7.988
5158,8.044
5159,8.048
5160,8.048
5161,8.012
5162,8.064
5163,8.08
5164,8.06
5165,8.004
5166,8.064
5167,8.136
5168,8.1
5169,8.076
5170,8.1
5171,8.168
5172,8.144
5173,8.104
5174,8.124
5175,8.204
5176,8.196
5177,8.16
5178,8.152
5179,8.248
5180,8.268
5181,8.232
5182,8.236
5183,8.34
5184,8.372
5185,8.364
5186,8.348
5187,8.432
5188,8.532
5189,8.508
5190,8.524
5191,8.628
5192,8.72
5193,8.716
5194,8.732
5195,8.78
5196,8.9
5197,8.904
5198,8.904
5199,8.936
5200,9.048
5201,9.08
5202,9.048
5203,9.032
5204,9.028
5205,8.988
5206,8.924
5207,8.86
5208,8.816
5209,8.74
5210,8.636
5211,8.488
5212,8.476
5213,8.408
5214,8.312
5215,8.22
5216,8.192
5217,8.18
5218,8.14
5219,8.036
5220,8.036
5221,8.068
5222,8.032
5223,7.992
5224,8.004
5225,8.032
5226,8.024
5227,7.96
5228,7.968
5229,7.992
5230,8.012
5231,7.98
5232,7.96
5233,7.992
5234,8.0
5235,7.996
5236,7.936
5237,8.0
5238,8.016
5239,8.0
5240,7.952
5241,7.972
5242,8.028
5243,8.0
5244,7.94
5245,7.996
5246,8.008
5247,7.988
5248,7.956
5249,7.972
5250,8.032
5251,8.028
5252,7.988
5253,7.976
5254,7.98
5255,7.996
5256,7.988
5257,7.964
5258,8.012
5259,8.02
5260,7.976
5261,7.936
5262,7.984
5263,8.008
5264,7.96
5265,7.932
5266,7.988
5267,8.028
5268,7.94
5269,7.928
5270,7.956
5271,7.98
5272,7.988
5273,7.924
5274,7.956
5275,7.988
5276,7.952
5277,7.92
5278,7.92
5279,7.98
5280,7.996
5281,7.932
5282,7.96
5283,7.944
5284,7.964
5285,7.952
5286,7.904
5287,7.964
5288,7.972
5289,7.936
5290,7.908
5291,7.944
5292,7.968
5293,7.948
5294,7.876
5295,7.936
5296,7.952
5297,7.94
5298,7.896
5299,7.92
5300,7.972
5301,7.96
5302,7.924
5303,7.908
5304,7.928
5305,7.948
5306,7.932
5307,7.924
5308,7.996
5309,8.004
5310,8.012
5311,7.996
5312,8.048
5313,8.056
5314,8.072
5315,8.052
5316,8.068
5317,8.12
5318,8.208
5319,8.176
5320,8.184
5321,8.184
5322,8.192
5323,8.148
5324,8.132
5325,8.156
5326,8.12
5327,8.092
5328,8.056
5329,8.048
5330,8.056
5331,7.972
5332,7.924
5333,7.932
5334,7.944
5335,7.924
5336,7.896
5337,7.924
5338,7.944
5339,7.884
5340,7.872
5341,7.884
5342,7.924
5343,7.896
5344,7.852
5345,7.864
5346,7.936
5347,7.892
5348,7.868
5349,7.884
5350,7.92
5351,7.916
5352,7.864
5353,7.876
5354,7.904
5355,7.936
5356,7.904
5357,7.872
5358,7.888
5359,7.856
5360,7.804
5361,7.876
5362,8.184
5363,8.596
5364,9.132
5365,9.72
5366,10.668
5367,10.892
5368,9.86
5369,9.26
5370,8.912
5371,8.424
5372,7.98
5373,7.624
5374,7.496
5375,7.688
5376,7.884
5377,7.948
5378,8.052
5379,8.08
5380,8.04
5381,8.016
5382,8.008
5383,8.04
5384,8.052
5385,8.016
5386,8.004
5387,8.028
5388,8.056
5389,8.024
5390,8.016
5391,8.068
5392,8.072
5393,8.048
5394,8.012
5395,8.072
5396,8.104
5397,8.076
5398,8.056
5399,8.092
5400,8.128
5401,8.132
5402,8.08
5403,8.136
5404,8.164
5405,8.156
5406,8.16
5407,8.144
5408,8.212
5409,8.232
5410,8.204
5411,8.2
5412,8.264
5413,8.332
5414,8.284
5415,8.316
5416,8.348
5417,8.436
5418,8.448
5419,8.416
5420,8.52
5421,8.604
5422,8.616
5423,8.612
5424,8.704
5425,8.78
5426,8.804
5427,8.836
5428,8.892
5429,8.94
5430,8.996
5431,8.992
5432,9.028
5433,9.084
5434,9.076
5435,9.044
5436,9.0
5437,8.972
5438,8.94
5439,8.828
5440,8.724
5441,8.708
5442,8.62
5443,8.492
5444,8.388
5445,8.332
5446,8.34
5447,8.236
5448,8.156
5449,8.132
5450,8.096
5451,8.072
5452,8.048
5453,8.016
5454,8.04
5455,8.016
5456,7.956
5457,7.968
5458,7.984
5459,8.008
5460,7.98
5461,7.964
5462,7.98
5463,7.992
5464,7.96
5465,7.948
5466,7.976
5467,8.0
5468,7.964
5469,7.96
5470,7.972
5471,8.008
5472,7.952
5473,7.948
5474,7.972
5475,8.0
5476,7.98
5477,7.972
5478,7.972
5479,8.008
5480,8.008
5481,7.952
5482,7.968
5483,7.972
5484,7.972
5485,7.956
5486,7.932
5487,7.956
5488,7.984
5489,7.968
5490,7.92
5491,7.956
5492,7.996
5493,7.96
5494,7.944
5495,7.972
5496,7.984
5497,7.952
5498,7.912
5499,7.956
5500,7.964
5501,7.976
5502,7.952
5503,7.936
5504,7.952
5505,7.952
5506,7.932
5507,7.904
5508,7.936
5509,7.964
5510,7.944
5511,7.896
5512,7.944
5513,7.948
5514,7.94
5515,7.892
5516,7.936
5517,7.956
5518,7.936
5519,7.888
5520,7.924
5521,7.956
5522,7.952
5523,7.9
5524,7.912
5525,7.96
5526,7.908
5527,7.908
5528,7.904
5529,7.92
5530,7.936
5531,7.916
5532,7.912
5533,7.928
5534,7.968
5535,7.964
5536,7.976
5537,8.044
5538,8.072
5539,8.024
5540,8.02
5541,8.012
5542,8.116
5543,8.148
5544,8.16
5545,8.196
5546,8.188
5547,8.156
5548,8.148
5549,8.14
5550,8.164
5551,8.136
5552,8.108
5553,8.068
5554,8.044
5555,8.04
5556,7.956
5557,7.928
5558,7.956
5559,7.916
5560,7.88
5561,7.856
5562,7.896
5563,7.892
5564,7.864
5565,7.836
5566,7.884
5567,7.88
5568,7.884
5569,7.832
5570,7.852
5571,7.888
5572,7.852
5573,7.86
5574,7.888
5575,7.928
5576,7.892
5577,7.852
5578,7.868
5579,7.912
5580,7.916
5581,7.864
5582,7.856
5583,7.9
5584,7.868
5585,7.816
5586,7.772
5587,7.996
5588,8.368
5589,8.844
5590,9.444
5591,10.26
5592,10.912
5593,10.204
5594,9.44
5595,9.016
5596,8.636
5597,8.132
5598,7.748
5599,7.516
5600,7.604
5601,7.772
5602,7.904
5603,7.976
5604,8.064
5605,8.076
5606,8.016
5607,7.988
5608,8.02
5609,8.044
5610,8.012
5611,7.976
5612,8.016
5613,8.056
5614,8.012
5615,7.98
5616,8.04
5617,8.08
5618,8.032
5619,8.016
5620,8.036
5621,8.1
5622,8.064
5623,8.056
5624,8.08
5625,8.124
5626,8.104
5627,8.08
5628,8.068
5629,8.16
5630,8.124
5631,8.12
5632,8.104
5633,8.164
5634,8.2
5635,8.192
5636,8.18
5637,8.236
5638,8.28
5639,8.28
5640,8.272
5641,8.34
5642,8.388
5643,8.376
5644,8.416
5645,8.424
5646,8.544
5647,8.576
5648,8.572
5649,8.628
5650,8.724
5651,8.76
5652,8.772
5653,8.808
5654,8.908
5655,8.96
5656,8.956
5657,9.008
5658,9.048
5659,9.072
5660,9.036
5661,8.984
5662,8.976
5663,8.94
5664,8.82
5665,8.724
5666,8.664
5667,8.636
5668,8.492
5669,8.368
5670,8.32
5671,8.32
5672,8.232
5673,8.148
5674,8.084
5675,8.096
5676,8.072
5677,8.016
5678,7.956
5679,8.02
5680,8.02
5681,7.984
5682,7.936
5683,7.984
5684,7.992
5685,7.968
5686,7.924
5687,7.96
5688,8.008
5689,7.964
5690,7.944
5691,7.964
5692,8.008
5693,7.952
5694,7.936
5695,7.956
5696,8.02
5697,7.964
5698,7.916
5699,7.92
5700,7.996
5701,7.948
5702,7.944
5703,7.928
5704,8.0
5705,7.972
5706,7.952
5707,7.932
5708,7.996
5709,8.008
5710,7.952
5711,7.9
5712,7.972
5713,7.988
5714,7.936
5715,7.924
5716,7.944
5717,7.968
5718,7.952
5719,7.9
5720,7.92
5721,7.972
5722,7.94
5723,7.916
5724,7.912
5725,7.932
5726,7.948
5727,7.908
5728,7.9
5729,7.952
5730,7.964
5731,7.904
5732,7.912
5733,7.936
5734,7.952
5735,7.912
5736,7.868
5737,7.928
5738,7.96
5739,7.928
5740,7.9
5741,7.88
5742,7.94
5743,7.904
5744,7.872
5745,7.888
5746,7.948
5747,7.9
5748,7.872
5749,7.868
5750,7.892
5751,7.912
5752,7.88
5753,7.864
5754,7.9
5755,7.908
5756,7.912
5757,7.88
5758,7.94
5759,7.988
5760,7.972
5761,8.024
5762,8.06
5763,8.04
5764,8.032
5765,8.0
5766,8.072
5767,8.18
5768,8.16
5769,8.132
5770,8.152
5771,8.192
5772,8.136
5773,8.104
5774,8.084
5775,8.104
5776,8.096
5777,8.008
5778,7.976
5779,7.964
5780,7.956
5781,7.876
5782,7.86
5783,7.848
5784,7.876
5785,7.836
5786,7.828
5787,7.876
5788,7.888
5789,7.828
5790,7.8
5791,7.824
5792,7.868
5793,7.832
5794,7.804
5795,7.84
5796,7.852
5797,7.848
5798,7.812
5799,7.828
5800,7.832
5801,7.864
5802,7.816
5803,7.836
5804,7.88
5805,7.848
5806,7.844
5807,7.788
5808,7.78
5809,7.78
5810,7.808
5811,8.02
5812,8.42
5813,8.988
5814,9.608
5815,10.404
5816,10.812
5817,9.928
5818,9.308
5819,8.892
5820,8.44
5821,8.016
5822,7.64
5823,7.46
5824,7.54
5825,7.792
5826,7.924
5827,7.976
5828,7.98
5829,8.032
5830,7.984
5831,7.924
5832,7.924
5833,7.96
5834,7.996
5835,7.972
5836,7.944
5837,7.988
5838,7.996
5839,7.952
5840,7.948
5841,7.988
5842,8.028
5843,8.02
5844,7.976
5845,8.004
5846,8.052
5847,8.024
5848,8.028
5849,8.032
5850,8.092
5851,8.084
5852,8.04
5853,8.064
5854,8.132
5855,8.156
5856,8.104
5857,8.116
5858,8.164
5859,8.184
5860,8.16
5861,8.188
5862,8.236
5863,8.256
5864,8.264
5865,8.26
5866,8.352
5867,8.404
5868,8.384
5869,8.424
5870,8.472
5871,8.564
5872,8.58
5873,8.596
5874,8.696
5875,8.756
5876,8.78
5877,8.812
5878,8.84
5879,8.948
5880,8.94
5881,8.96
5882,8.94
5883,8.984
5884,8.992
5885,8.948
5886,8.856
5887,8.856
5888,8.776
5889,8.672
5890,8.556
5891,8.524
5892,8.448
5893,8.336
5894,8.248
5895,8.188
5896,8.18
5897,8.112
5898,8.044
5899,8.036
5900,8.036
5901,8.004
5902,7.94
5903,7.936
5904,7.944
5905,7.956
5906,7.9
5907,7.9
5908,7.936
5909,7.94
5910,7.896
5911,7.888
5912,7.936
5913,7.936
5914,7.904
5915,7.892
5916,7.92
5917,7.948
5918,7.916
5919,7.876
5920,7.888
5921,7.948
5922,7.928
5923,7.912
5924,7.92
5925,7.928
5926,7.916
5927,7.896
5928,7.904
5929,7.936
5930,7.912
5931,7.908
5932,7.88
5933,7.944
5934,7.932
5935,7.888
5936,7.88
5937,7.9
5938,7.916
5939,7.884
5940,7.844
5941,7.916
5942,7.952
5943,7.888
5944,7.884
5945,7.872
5946,7.912
5947,7.9
5948,7.86
5949,7.888
5950,7.9
5951,7.876
5952,7.832
5953,7.84
5954,7.9
5955,7.892
5956,7.864
5957,7.864
5958,7.888
5959,7.884
5960,7.836
5961,7.84
5962,7.864
5963,7.896
5964,7.86
5965,7.852
5966,7.868
5967,7.904
5968,7.86
5969,7.852
5970,7.86
5971,7.888
5972,7.828
5973,7.836
5974,7.84
5975,7.884
5976,7.876
5977,7.86
5978,7.912
5979,7.976
5980,8.004
5981,7.972
5982,7.98
5983,8.012
5984,8.04
5985,8.04
5986,8.08
5987,8.112
5988,8.132
5989,8.116
5990,8.104
5991,8.116
5992,8.116
5993,8.044
5994,8.032
5995,8.06
5996,8.02
5997,8.008
5998,7.96
5999,7.904
6000,7.904
6001,7.868
6002,7.816
6003,7.836
6004,7.88
6005,7.864
6006,7.832
6007,7.828
6008,7.852
6009,7.868
6010,7.788
6011,7.776
6012,7.832
6013,7.868
6014,7.812
6015,7.76
6016,7.832
6017,7.836
6018,7.8
6019,7.78
6020,7.844
6021,7.856
6022,7.832
6023,7.82
6024,7.812
6025,7.868
6026,7.816
6027,7.752
6028,7.732
6029,7.848
6030,8.092
6031,8.428
6032,8.984
6033,9.688
6034,10.528
6035,10.716
6036,9.764
6037,9.236
6038,8.872
6039,8.34
6040,7.92
6041,7.608
6042,7.476
6043,7.548
6044,7.72
6045,7.88
6046,7.968
6047,7.96
6048,7.944
6049,7.952
6050,7.968
6051,7.948
6052,7.904
6053,7.912
6054,7.96
6055,7.96
6056,7.928
6057,7.944
6058,8.0
6059,7.98
6060,7.932
6061,7.948
6062,8.016
6063,8.04
6064,8.0
6065,7.984
6066,8.024
6067,8.072
6068,8.008
6069,8.0
6070,8.052
6071,8.1
6072,8.068
6073,8.056
6074,8.072
6075,8.128
6076,8.104
6077,8.088
6078,8.132
6079,8.188
6080,8.228
6081,8.208
6082,8.208
6083,8.248
6084,8.308
6085,8.272
6086,8.336
6087,8.424
6088,8.48
6089,8.46
6090,8.484
6091,8.58
6092,8.644
6093,8.664
6094,8.704
6095,8.784
6096,8.848
6097,8.84
6098,8.84
6099,8.896
6100,8.996
6101,8.976
6102,8.98
6103,8.928
6104,8.98
6105,8.908
6106,8.776
6107,8.712
6108,8.64
6109,8.592
6110,8.456
6111,8.368
6112,8.324
6113,8.272
6114,8.16
6115,8.104
6116,8.096
6117,8.072
6118,8.012
6119,7.972
6120,7.96
6121,7.988
6122,7.932
6123,7.892
6124,7.92
6125,7.94
6126,7.932
6127,7.872
6128,7.884
6129,7.952
6130,7.924
6131,7.9
6132,7.896
6133,7.928
6134,7.948
6135,7.908
6136,7.856
6137,7.904
6138,7.936
6139,7.912
6140,7.868
6141,7.888
6142,7.932
6143,7.908
6144,7.908
6145,7.912
6146,7.924
6147,7.92
6148,7.876
6149,7.884
6150,7.916
6151,7.908
6152,7.912
6153,7.88
6154,7.908
6155,7.904
6156,7.892
6157,7.88
6158,7.9
6159,7.928
6160,7.912
6161,7.888
6162,7.88
6163,7.896
6164,7.864
6165,7.852
6166,7.884
6167,7.916
6168,7.872
6169,7.884
6170,7.892
6171,7.888
6172,7.848
6173,7.872
6174,7.884
6175,7.896
6176,7.864
6177,7.872
6178,7.884
6179,7.908
6180,7.86
6181,7.816
6182,7.832
6183,7.896
6184,7.876
6185,7.844
6186,7.82
6187,7.9
6188,7.88
6189,7.86
6190,7.86
6191,7.864
6192,7.916
6193,7.896
6194,7.904
6195,7.988
6196,8.04
6197,7.988
6198,7.968
6199,7.992
6200,8.06
6201,8.064
6202,8.112
6203,8.088
6204,8.12
6205,8.112
6206,8.112
6207,8.092
6208,8.104
6209,8.072
6210,8.064
6211,8.024
6212,8.0
6213,7.952
6214,7.916
6215,7.864
6216,7.876
6217,7.868
6218,7.832
6219,7.828
6220,7.84
6221,7.844
6222,7.824
6223,7.78
6224,7.784
6225,7.844
6226,7.82
6227,7.788
6228,7.8
6229,7.824
6230,7.828
6231,7.796
6232,7.784
6233,7.824
6234,7.836
6235,7.804
6236,7.808
6237,7.832
6238,7.844
6239,7.82
6240,7.804
6241,7.832
6242,7.828
6243,7.748
6244,7.704
6245,7.92
6246,8.276
6247,8.716
6248,9.336
6249,10.096
6250,10.796
6251,10.276
6252,9.408
6253,8.98
6254,8.604
6255,8.164
6256,7.756
6257,7.516
6258,7.524
6259,7.68
6260,7.796
6261,7.84
6262,7.988
6263,7.992
6264,7.94
6265,7.916
6266,7.952
6267,8.0
6268,7.948
6269,7.92
6270,7.972
6271,8.0
6272,7.964
6273,7.948
6274,7.972
6275,8.0
6276,7.98
6277,7.936
6278,7.952
6279,8.024
6280,8.024
6281,7.98
6282,8.02
6283,8.036
6284,8.064
6285,8.008
6286,8.02
6287,8.076
6288,8.136
6289,8.06
6290,8.1
6291,8.124
6292,8.164
6293,8.144
6294,8.14
6295,8.176
6296,8.264
6297,8.212
6298,8.224
6299,8.276
6300,8.324
6301,8.332
6302,8.356
6303,8.404
6304,8.492
6305,8.544
6306,8.548
6307,8.588
6308,8.684
6309,8.72
6310,8.736
6311,8.772
6312,8.856
6313,8.956
6314,8.928
6315,8.916
6316,8.996
6317,9.008
6318,8.972
6319,8.92
6320,8.908
6321,8.872
6322,8.764
6323,8.668
6324,8.596
6325,8.516
6326,8.412
6327,8.324
6328,8.264
6329,8.204
6330,8.164
6331,8.08
6332,8.024
6333,8.048
6334,8.004
6335,7.956
6336,7.948
6337,7.952
6338,7.98
6339,7.936
6340,7.912
6341,7.916
6342,7.94
6343,7.872
6344,7.864
6345,7.888
6346,7.928
6347,7.884
6348,7.864
6349,7.904
6350,7.908
6351,7.904
6352,7.852
6353,7.908
6354,7.928
6355,7.924
6356,7.884
6357,7.864
6358,7.896
6359,7.904
6360,7.856
6361,7.864
6362,7.908
6363,7.936
6364,7.868
6365,7.872
6366,7.892
6367,7.932
6368,7.868
6369,7.872
6370,7.912
6371,7.928
6372,7.876
6373,7.848
6374,7.868
6375,7.916
6376,7.88
6377,7.852
6378,7.868
6379,7.888
6380,7.9
6381,7.852
6382,7.868
6383,7.9
6384,7.872
6385,7.852
6386,7.796
6387,7.864
6388,7.884
6389,7.832
6390,7.804
6391,7.844
6392,7.856
6393,7.816
6394,7.804
6395,7.848
6396,7.86
6397,7.816
6398,7.804
6399,7.848
6400,7.86
6401,7.828
6402,7.792
6403,7.804
6404,7.9
6405,7.888
6406,7.896
6407,7.916
6408,7.96
6409,7.964
6410,7.9
6411,7.9
6412,8.028
6413,8.132
6414,8.064
6415,8.056
6416,8.088
6417,8.116
6418,8.084
6419,8.04
6420,8.04
6421,8.08
6422,8.032
6423,7.94
6424,7.908
6425,7.924
6426,7.868
6427,7.816
6428,7.808
6429,7.836
6430,7.8
6431,7.752
6432,7.776
6433,7.804
6434,7.804
6435,7.756
6436,7.736
6437,7.816
6438,7.808
6439,7.744
6440,7.748
6441,7.804
6442,7.792
6443,7.748
6444,7.744
6445,7.78
6446,7.824
6447,7.768
6448,7.736
6449,7.772
6450,7.832
6451,7.796
6452,7.74
6453,7.76
6454,7.752
6455,7.708
6456,7.648
6457,7.836
6458,8.248
6459,8.744
6460,9.324
6461,10.048
6462,10.804
6463,10.268
6464,9.272
6465,8.764
6466,8.396
6467,8.08
6468,7.716
6469,7.452
6470,7.436
6471,7.612
6472,7.744
6473,7.772
6474,7.884
6475,7.948
6476,7.876
6477,7.852
6478,7.88
6479,7.908
6480,7.9
6481,7.86
6482,7.864
6483,7.932
6484,7.952
6485,7.896
6486,7.896
6487,7.948
6488,7.952
6489,7.904
6490,7.92
6491,7.944
6492,7.992
6493,7.964
6494,7.936
6495,7.98
6496,8.0
6497,7.956
6498,7.96
6499,7.992
6500,8.052
6501,8.048
6502,8.012
6503,8.048
6504,8.1
6505,8.116
6506,8.084
6507,8.108
6508,8.164
6509,8.212
6510,8.192
6511,8.208
6512,8.284
6513,8.328
6514,8.3
6515,8.36
6516,8.428
6517,8.5
6518,8.496
6519,8.536
6520,8.62
6521,8.708
6522,8.732
6523,8.752
6524,8.796
6525,8.9
6526,8.9
6527,8.912
6528,8.948
6529,8.96
6530,8.928
6531,8.864
6532,8.82
6533,8.792
6534,8.736
6535,8.592
6536,8.484
6537,8.452
6538,8.396
6539,8.252
6540,8.148
6541,8.136
6542,8.1
6543,8.008
6544,7.952
6545,7.964
6546,7.972
6547,7.888
6548,7.828
6549,7.892
6550,7.912
6551,7.864
6552,7.824
6553,7.848
6554,7.88
6555,7.856
6556,7.796
6557,7.824
6558,7.868
6559,7.844
6560,7.816
6561,7.784
6562,7.832
6563,7.868
6564,7.812
6565,7.796
6566,7.836
6567,7.872
6568,7.836
6569,7.804
6570,7.832
6571,7.864
6572,7.844
6573,7.776
6574,7.804
6575,7.844
6576,7.82
6577,7.796
6578,7.816
6579,7.888
6580,7.828
6581,7.816
6582,7.8
6583,7.844
6584,7.864
6585,7.78
6586,7.804
6587,7.848
6588,7.848
6589,7.78
6590,7.764
6591,7.82
6592,7.856
6593,7.776
6594,7.764
6595,7.776
6596,7.832
6597,7.792
6598,7.752
6599,7.788
6600,7.832
6601,7.812
6602,7.772
6603,7.78
6604,7.828
6605,7.816
6606,7.748
6607,7.78
6608,7.824
6609,7.812
6610,7.772
6611,7.76
6612,7.804
6613,7.8
6614,7.752
6615,7.752
6616,7.808
6617,7.852
6618,7.808
6619,7.812
6620,7.904
6621,7.924
6622,7.892
6623,7.872
6624,7.888
6625,8.0
6626,8.004
6627,7.972
6628,8.004
6629,8.06
6630,8.064
6631,8.016
6632,8.032
6633,8.024
6634,8.016
6635,7.944
6636,7.864
6637,7.908
6638,7.908
6639,7.816
6640,7.788
6641,7.788
6642,7.796
6643,7.728
6644,7.708
6645,7.724
6646,7.756
6647,7.728
6648,7.728
6649,7.708
6650,7.764
6651,7.7
6652,7.68
6653,7.708
6654,7.74
6655,7.748
6656,7.672
6657,7.7
6658,7.756
6659,7.74
6660,7.712
6661,7.696
6662,7.732
6663,7.788
6664,7.724
6665,7.724
6666,7.764
6667,7.732
6668,7.652
6669,7.628
6670,7.74
6671,8.02
6672,8.396
6673,8.96
6674,9.668
6675,10.496
6676,10.852
6677,9.732
6678,9.024
6679,8.576
6680,8.192
6681,7.88
6682,7.564
6683,7.396
6684,7.456
6685,7.592
6686,7.704
6687,7.824
6688,7.896
6689,7.86
6690,7.872
6691,7.9
6692,7.9
6693,7.848
6694,7.84
6695,7.912
6696,7.936
6697,7.888
6698,7.872
6699,7.916
6700,7.94
6701,7.892
6702,7.884
6703,7.9
6704,7.964
6705,7.912
6706,7.908
6707,7.948
6708,7.984
6709,7.988
6710,7.948
6711,7.952
6712,8.04
6713,8.044
6714,7.972
6715,8.008
6716,8.044
6717,8.096
6718,8.056
6719,8.056
6720,8.148
6721,8.176
6722,8.124
6723,8.156
6724,8.224
6725,8.252
6726,8.284
6727,8.3
6728,8.312
6729,8.412
6730,8.464
6731,8.456
6732,8.504
6733,8.608
6734,8.716
6735,8.66
6736,8.752
6737,8.848
6738,8.904
6739,8.848
6740,8.888
6741,8.948
6742,8.972
6743,8.936
6744,8.896
6745,8.884
6746,8.876
6747,8.768
6748,8.648
6749,8.584
6750,8.496
6751,8.396
6752,8.272
6753,8.216
6754,8.2
6755,8.124
6756,8.06
6757,7.988
6758,7.98
6759,7.952
6760,7.924
6761,7.868
6762,7.888
6763,7.904
6764,7.84
6765,7.82
6766,7.868
6767,7.88
6768,7.82
6769,7.812
6770,7.856
6771,7.9
6772,7.852
6773,7.82
6774,7.828
6775,7.864
6776,7.864
6777,7.804
6778,7.828
6779,7.868
6780,7.884
6781,7.828
6782,7.796
6783,7.872
6784,7.852
6785,7.788
6786,7.832
6787,7.88
6788,7.864
6789,7.8
6790,7.756
6791,7.82
6792,7.868
6793,7.836
6794,7.824
6795,7.856
6796,7.876
6797,7.816
6798,7.768
6799,7.812
6800,7.848
6801,7.844
6802,7.776
6803,7.796
6804,7.848
6805,7.812
6806,7.78
6807,7.804
6808,7.844
6809,7.836
6810,7.788
6811,7.792
6812,7.804
6813,7.844
6814,7.792
6815,7.732
6816,7.8
6817,7.804
6818,7.804
6819,7.764
6820,7.828
6821,7.8
6822,7.776
6823,7.736
6824,7.756
6825,7.82
6826,7.804
6827,7.768
6828,7.768
6829,7.796
6830,7.788
6831,7.74
6832,7.744
6833,7.82
6834,7.82
6835,7.808
6836,7.816
6837,7.888
6838,7.924
6839,7.888
6840,7.816
6841,7.884
6842,7.964
6843,7.98
6844,7.992
6845,8.032
6846,8.048
6847,8.0
6848,7.98
6849,7.992
6850,7.992
6851,7.94
6852,7.9
6853,7.892
6854,7.908
6855,7.872
6856,7.748
6857,7.728
6858,7.76
6859,7.764
6860,7.72
6861,7.7
6862,7.74
6863,7.764
6864,7.716
6865,7.656
6866,7.72
6867,7.744
6868,7.676
6869,7.68
6870,7.692
6871,7.712
6872,7.732
6873,7.636
6874,7.712
6875,7.768
6876,7.748
6877,7.68
6878,7.712
6879,7.724
6880,7.732
6881,7.688
6882,7.692
6883,7.748
6884,7.76
6885,7.652
6886,7.592
6887,7.66
6888,7.856
6889,8.192
6890,8.668
6891,9.448
6892,10.24
6893,10.856
6894,10.192
6895,9.224
6896,8.672
6897,8.252
6898,7.888
6899,7.624
6900,7.436
6901,7.428
6902,7.54
6903,7.732
6904,7.86
6905,7.9
6906,7.852
6907,7.856
6908,7.876
6909,7.888
6910,7.828
6911,7.836
6912,7.892
6913,7.94
6914,7.872
6915,7.868
6916,7.916
6917,7.932
6918,7.896
6919,7.852
6920,7.94
6921,7.964
6922,7.924
6923,7.892
6924,7.924
6925,8.004
6926,7.992
6927,7.936
6928,7.984
6929,8.044
6930,8.012
6931,7.98
6932,8.008
6933,8.088
6934,8.064
6935,8.04
6936,8.064
6937,8.116
6938,8.152
6939,8.128
6940,8.128
6941,8.236
6942,8.28
6943,8.24
6944,8.264
6945,8.36
6946,8.468
6947,8.436
6948,8.412
6949,8.54
6950,8.656
6951,8.668
6952,8.672
6953,8.724
6954,8.824
6955,8.904
6956,8.86
6957,8.872
6958,8.988
6959,9.012
6960,8.96
6961,8.916
6962,8.94
6963,8.896
6964,8.756
6965,8.68
6966,8.616
6967,8.552
6968,8.436
6969,8.324
6970,8.264
6971,8.228
6972,8.128
6973,8.012
6974,8.0
6975,8.016
6976,7.984
6977,7.896
6978,7.888
6979,7.908
6980,7.88
6981,7.824
6982,7.816
6983,7.856
6984,7.892
6985,7.812
6986,7.8
6987,7.816
6988,7.88
6989,7.832
6990,7.796
6991,7.856
6992,7.864
6993,7.796
6994,7.784
6995,7.828
6996,7.872
6997,7.82
6998,7.792
6999,7.832
7000,7.888
7001,7.872
7002,7.792
7003,7.812
7004,7.848
7005,7.884
7006,7.824
7007,7.816
7008,7.844
7009,7.888
7010,7.824
7011,7.804
7012,7.84
7013,7.876
7014,7.824
7015,7.788
7016,7.86
7017,7.884
7018,7.82
7019,7.78
7020,7.832
7021,7.86
7022,7.824
7023,7.784
7024,7.816
7025,7.844
7026,7.82
7027,7.784
7028,7.784
7029,7.824
7030,7.836
7031,7.772
7032,7.784
7033,7.816
7034,7.828
7035,7.76
7036,7.756
7037,7.824
7038,7.856
7039,7.78
7040,7.744
7041,7.804
7042,7.824
7043,7.768
7044,7.736
7045,7.804
7046,7.832
7047,7.788
7048,7.744
7049,7.784
7050,7.772
7051,7.784
7052,7.776
7053,7.788
7054,7.832
7055,7.828
7056,7.764
7057,7.756
7058,7.8
7059,7.828
7060,7.792
7061,7.804
7062,7.876
7063,7.94
7064,7.9
7065,7.896
7066,7.94
7067,7.948
7068,7.936
7069,7.98
7070,8.052
7071,8.084
7072,8.04
7073,8.012
7074,8.06
7075,8.048
7076,8.036
7077,7.936
7078,8.004
7079,8.012
7080,7.996
7081,7.888
7082,7.816
7083,7.848
7084,7.856
7085,7.768
7086,7.736
7087,7.816
7088,7.832
7089,7.76
7090,7.724
7091,7.78
7092,7.836
7093,7.768
7094,7.74
7095,7.776
7096,7.796
7097,7.756
7098,7.744
7099,7.744
7100,7.8
7101,7.788
7102,7.732
7103,7.748
7104,7.82
7105,7.84
7106,7.764
7107,7.748
7108,7.832
7109,7.824
7110,7.768
7111,7.692
7112,7.732
7113,7.748
7114,7.804
7115,8.084
7116,8.572
7117,9.248
7118,9.928
7119,10.752
7120,10.824
7121,9.744
7122,9.02
7123,8.496
7124,8.064
7125,7.772
7126,7.46
7127,7.352
7128,7.556
7129,7.82
7130,7.892
7131,7.892
7132,7.916
7133,7.952
7134,7.932
7135,7.892
7136,7.86
7137,7.928
7138,7.972
7139,7.932
7140,7.892
7141,7.944
7142,7.984
7143,7.944
7144,7.912
7145,7.964
7146,8.008
7147,7.984
7148,7.928
7149,7.964
7150,8.036
7151,8.028
7152,7.992
7153,8.016
7154,8.072
7155,8.076
7156,8.02
7157,8.032
7158,8.1
7159,8.128
7160,8.096
7161,8.1
7162,8.176
7163,8.188
7164,8.172
7165,8.144
7166,8.212
7167,8.308
7168,8.3
7169,8.296
7170,8.34
7171,8.428
7172,8.416
7173,8.436
7174,8.5
7175,8.62
7176,8.644
7177,8.656
7178,8.688
7179,8.82
7180,8.872
7181,8.86
7182,8.904
7183,9.004
7184,9.036
7185,9.04
7186,9.02
7187,9.064
7188,9.068
7189,8.984
7190,8.9
7191,8.86
7192,8.808
7193,8.668
7194,8.528
7195,8.492
7196,8.452
7197,8.32
7198,8.188
7199,8.188
7200,8.184
7201,8.104
7202,7.996
7203,7.976
7204,8.008
7205,7.996
7206,7.92
7207,7.9
7208,7.944
7209,7.972
7210,7.912
7211,7.876
7212,7.916
7213,7.936
7214,7.908
7215,7.864
7216,7.916
7217,7.924
7218,7.928
7219,7.868
7220,7.884
7221,7.936
7222,7.936
7223,7.844
7224,7.852
7225,7.96
7226,7.936
7227,7.856
7228,7.872
7229,7.952
7230,7.972
7231,7.888
7232,7.864
7233,7.944
7234,7.976
7235,7.92
7236,7.844
7237,7.944
7238,7.992
7239,7.888
7240,7.856
7241,7.936
7242,7.988
7243,7.888
7244,7.848
7245,7.92
7246,7.972
7247,7.94
7248,7.836
7249,7.908
7250,7.972
7251,7.956
7252,7.864
7253,7.892
7254,7.936
7255,7.928
7256,7.82
7257,7.868
7258,7.936
7259,7.932
7260,7.852
7261,7.868
7262,7.936
7263,7.944
7264,7.852
7265,7.852
7266,7.916
7267,7.928
7268,7.884
7269,7.864
7270,7.916
7271,7.932
7272,7.88
7273,7.852
7274,7.904
7275,7.952
7276,7.892
7277,7.872
7278,7.872
7279,7.932
7280,7.916
7281,7.872
7282,7.872
7283,7.928
7284,7.94
7285,7.884
7286,7.824
7287,7.892
7288,7.944
7289,7.896
7290,7.908
7291,7.92
7292,7.952
7293,7.908
7294,7.852
7295,7.896
7296,7.948
7297,7.88
7298,7.876
7299,7.92
7300,7.964
7301,7.944
7302,7.984
7303,8.004
7304,8.04
7305,8.04
7306,8.004
7307,8.016
7308,8.14
7309,8.172
7310,8.152
7311,8.096
7312,8.144
7313,8.168
7314,8.116
7315,8.104
7316,8.112
7317,8.12
7318,8.08
7319,7.996
7320,8.036
7321,8.028
7322,7.932
7323,7.9
7324,7.892
7325,7.936
7326,7.888
7327,7.852
7328,7.86
7329,7.9
7330,7.876
7331,7.876
7332,7.852
7333,7.904
7334,7.9
7335,7.84
7336,7.82
7337,7.88
7338,7.932
7339,7.876
7340,7.848
7341,7.892
7342,7.908
7343,7.856
7344,7.844
7345,7.92
7346,7.956
7347,7.9
7348,7.88
7349,7.888
7350,7.896
7351,7.804
7352,7.8
7353,8.012
7354,8.428
7355,8.916
7356,9.516
7357,10.28
7358,10.972
7359,10.336
7360,9.472
7361,8.96
7362,8.552
7363,8.104
7364,7.696
7365,7.476
7366,7.608
7367,7.884
7368,7.964
7369,8.012
7370,8.064
7371,8.108
7372,8.028
7373,7.976
7374,8.032
7375,8.044
7376,8.032
7377,8.012
7378,8.044
7379,8.084
7380,8.096
7381,8.02
7382,8.032
7383,8.076
7384,8.084
7385,8.048
7386,8.06
7387,8.12
7388,8.144
7389,8.088
7390,8.08
7391,8.104
7392,8.148
7393,8.132
7394,8.104
7395,8.156
7396,8.2
7397,8.192
7398,8.176
7399,8.212
7400,8.252
7401,8.232
7402,8.228
7403,8.244
7404,8.332
7405,8.344
7406,8.324
7407,8.356
7408,8.436
7409,8.488
7410,8.464
7411,8.476
7412,8.568
7413,8.644
7414,8.652
7415,8.648
7416,8.76
7417,8.86
7418,8.86
7419,8.868
7420,8.944
7421,9.032
7422,9.036
7423,9.024
7424,9.068
7425,9.096
7426,9.104
7427,9.04
7428,9.004
7429,8.98
7430,8.92
7431,8.8
7432,8.688
7433,8.652
7434,8.572
7435,8.444
7436,8.328
7437,8.348
7438,8.296
7439,8.204
7440,8.144
7441,8.144
7442,8.128
7443,8.084
7444,8.036
7445,8.04
7446,8.076
7447,8.036
7448,7.972
7449,7.996
7450,8.048
7451,8.036
7452,7.968
7453,7.976
7454,8.024
7455,8.028
7456,7.956
7457,7.968
7458,8.028
7459,8.028
7460,7.984
7461,7.964
7462,8.028
7463,8.036
7464,8.004
7465,7.964
7466,8.036
7467,8.036
7468,8.016
7469,7.932
7470,7.972
7471,8.044
7472,8.024
7473,7.944
7474,7.98
7475,8.024
7476,8.016
7477,7.956
7478,7.948
7479,8.012
7480,8.02
7481,7.96
7482,7.956
7483,8.016
7484,8.04
7485,7.976
7486,7.944
7487,7.984
7488,8.012
7489,7.944
7490,7.928
7491,7.956
7492,8.012
7493,7.964
7494,7.928
7495,7.964
7496,7.984
7497,7.972
7498,7.896
7499,7.928
